date,SP500_Close,VIX_Close,n_tweets,n_original,n_retweet,avg_favorites,avg_retweets
2017-01-20,2271.31005859375,11.539999961853027,13.0,13.0,0.0,124865.69230769231,26730.923076923078
2017-01-23,2265.199951171875,11.770000457763672,8.0,7.0,1.0,173448.0,33070.625
2017-01-24,2280.070068359375,11.06999969482422,4.0,4.0,0.0,106836.75,17718.0
2017-01-25,2298.3701171875,10.8100004196167,8.0,8.0,0.0,118534.625,24236.25
2017-01-26,2296.679931640625,10.630000114440918,11.0,11.0,0.0,75217.36363636363,14358.272727272728
2017-01-27,2294.68994140625,10.579999923706056,7.0,7.0,0.0,102844.0,19421.714285714286
2017-01-30,2280.89990234375,11.880000114440918,19.0,19.0,0.0,112396.15789473684,22418.263157894737
2017-01-31,2278.8701171875,11.989999771118164,3.0,3.0,0.0,129918.33333333333,26275.0
2017-02-01,2279.550048828125,11.8100004196167,4.0,4.0,0.0,141528.25,23943.25
2017-02-02,2280.85009765625,11.93000030517578,8.0,8.0,0.0,108879.25,23129.25
2017-02-03,2297.419921875,10.970000267028809,7.0,7.0,0.0,132256.85714285713,29361.14285714286
2017-02-06,2292.56005859375,11.369999885559082,21.0,21.0,0.0,111337.90476190476,22434.85714285714
2017-02-07,2293.080078125,11.289999961853027,5.0,5.0,0.0,90773.4,19015.8
2017-02-08,2294.669921875,11.449999809265137,11.0,11.0,0.0,86897.54545454546,17649.363636363636
2017-02-09,2307.8701171875,10.880000114440918,8.0,8.0,0.0,92619.0,18752.625
2017-02-10,2316.10009765625,10.850000381469728,3.0,3.0,0.0,100379.66666666667,21754.333333333332
2017-02-13,2328.25,11.06999969482422,21.0,20.0,1.0,77775.04761904762,13254.285714285714
2017-02-14,2337.580078125,10.739999771118164,6.0,6.0,0.0,64960.833333333336,12288.5
2017-02-15,2349.25,11.970000267028809,11.0,11.0,0.0,76338.18181818182,19422.81818181818
2017-02-16,2347.219970703125,11.760000228881836,6.0,6.0,0.0,92734.0,17601.166666666668
2017-02-17,2351.159912109375,11.489999771118164,8.0,8.0,0.0,81055.625,15617.125
2017-02-21,2365.3798828125,11.56999969482422,12.0,12.0,0.0,92261.33333333333,17440.25
2017-02-22,2362.820068359375,11.739999771118164,2.0,2.0,0.0,83388.5,11377.0
2017-02-23,2363.81005859375,11.710000038146973,1.0,1.0,0.0,47681.0,8509.0
2017-02-24,2367.340087890625,11.470000267028809,6.0,6.0,0.0,71964.5,13591.5
2017-02-27,2369.75,12.09000015258789,13.0,13.0,0.0,94070.0,19632.153846153848
2017-02-28,2363.639892578125,12.920000076293944,1.0,1.0,0.0,70547.0,8987.0
2017-03-01,2395.9599609375,12.539999961853027,3.0,3.0,0.0,85797.0,11923.333333333334
2017-03-02,2381.919921875,11.8100004196167,1.0,1.0,0.0,150187.0,30337.0
2017-03-03,2383.1201171875,10.960000038146973,13.0,13.0,0.0,73313.92307692308,17454.0
2017-03-06,2375.31005859375,11.239999771118164,14.0,14.0,0.0,102436.21428571429,27821.0
2017-03-07,2368.389892578125,11.449999809265137,8.0,8.0,0.0,81224.625,15814.5
2017-03-08,2362.97998046875,11.859999656677246,6.0,6.0,0.0,77215.5,14168.166666666666
2017-03-09,2364.8701171875,12.300000190734863,4.0,3.0,1.0,50063.75,12733.75
2017-03-10,2372.60009765625,11.65999984741211,3.0,1.0,2.0,12072.0,7437.666666666667
2017-03-13,2373.469970703125,11.350000381469728,7.0,6.0,1.0,51026.857142857145,9633.285714285714
2017-03-14,2365.449951171875,12.300000190734863,2.0,2.0,0.0,68388.0,14807.0
2017-03-15,2385.260009765625,11.630000114440918,7.0,7.0,0.0,73689.42857142857,15191.42857142857
2017-03-16,2381.3798828125,11.210000038146973,7.0,6.0,1.0,51339.0,9977.0
2017-03-17,2378.25,11.279999732971191,9.0,4.0,5.0,23817.222222222223,8156.111111111111
2017-03-20,2373.469970703125,11.34000015258789,10.0,10.0,0.0,65028.3,13264.8
2017-03-21,2344.02001953125,12.470000267028809,4.0,4.0,0.0,52230.5,10210.5
2017-03-22,2348.449951171875,12.8100004196167,1.0,1.0,0.0,76342.0,10554.0
2017-03-23,2345.9599609375,13.119999885559082,7.0,5.0,2.0,53997.42857142857,14986.0
2017-03-24,2343.97998046875,12.960000038146973,4.0,4.0,0.0,60708.0,11941.0
2017-03-27,2341.590087890625,12.5,6.0,6.0,0.0,72388.33333333333,14069.5
2017-03-28,2358.570068359375,11.529999732971191,10.0,10.0,0.0,56779.9,12856.1
2017-03-29,2361.1298828125,11.420000076293944,4.0,4.0,0.0,56374.75,10978.25
2017-03-30,2368.06005859375,11.539999961853027,9.0,9.0,0.0,36371.444444444445,7462.111111111111
2017-03-31,2362.719970703125,12.369999885559082,8.0,8.0,0.0,47337.75,9899.25
2017-04-03,2358.840087890625,12.380000114440918,19.0,18.0,1.0,57621.26315789474,13641.157894736842
2017-04-04,2360.159912109375,11.789999961853027,4.0,3.0,1.0,28809.5,8290.0
2017-04-05,2352.949951171875,12.890000343322754,1.0,1.0,0.0,57451.0,10675.0
2017-04-06,2357.489990234375,12.390000343322754,2.0,2.0,0.0,61354.0,13662.5
2017-04-07,2355.5400390625,12.869999885559082,1.0,0.0,1.0,0.0,12596.0
2017-04-10,2357.159912109375,14.050000190734863,10.0,10.0,0.0,67045.6,11897.0
2017-04-11,2353.780029296875,15.06999969482422,5.0,4.0,1.0,53965.0,16271.6
2017-04-12,2344.929931640625,15.770000457763672,6.0,6.0,0.0,59014.166666666664,10582.833333333334
2017-04-13,2328.949951171875,15.960000038146973,4.0,4.0,0.0,93009.0,19327.5
2017-04-17,2349.010009765625,14.65999984741211,16.0,13.0,3.0,52555.625,12417.6875
2017-04-18,2342.18994140625,14.420000076293944,7.0,7.0,0.0,45882.0,10108.42857142857
2017-04-19,2338.169921875,14.93000030517578,4.0,4.0,0.0,52818.5,10757.0
2017-04-20,2355.840087890625,14.149999618530272,4.0,4.0,0.0,46298.25,9456.0
2017-04-21,2348.68994140625,14.630000114440918,5.0,4.0,1.0,48595.6,12097.2
2017-04-24,2374.14990234375,10.84000015258789,24.0,21.0,3.0,41862.708333333336,8800.916666666666
2017-04-25,2388.610107421875,10.760000228881836,5.0,5.0,0.0,46515.6,10130.4
2017-04-26,2387.449951171875,10.850000381469728,9.0,9.0,0.0,45234.77777777778,9799.888888888889
2017-04-27,2388.77001953125,10.359999656677246,12.0,12.0,0.0,45495.666666666664,9982.583333333334
2017-04-28,2384.199951171875,10.81999969482422,4.0,3.0,1.0,42364.75,10551.5
2017-05-01,2388.330078125,10.109999656677246,12.0,10.0,2.0,43730.833333333336,9908.583333333334
2017-05-02,2391.169921875,10.59000015258789,4.0,4.0,0.0,44226.5,9789.25
2017-05-03,2388.1298828125,10.68000030517578,4.0,4.0,0.0,50092.25,11083.75
2017-05-04,2389.52001953125,10.460000038146973,10.0,9.0,1.0,36349.1,8776.4
2017-05-05,2399.2900390625,10.56999969482422,10.0,10.0,0.0,47984.6,9445.0
2017-05-08,2399.3798828125,9.770000457763672,17.0,14.0,3.0,39228.76470588235,10635.70588235294
2017-05-09,2396.919921875,9.960000038146973,2.0,2.0,0.0,41110.0,7900.0
2017-05-10,2399.6298828125,10.210000038146973,11.0,9.0,2.0,49327.27272727273,13435.818181818182
2017-05-11,2394.43994140625,10.600000381469728,6.0,6.0,0.0,62093.166666666664,18166.5
2017-05-12,2390.89990234375,10.399999618530272,9.0,9.0,0.0,63877.11111111111,15052.333333333334
2017-05-15,2402.320068359375,10.420000076293944,6.0,6.0,0.0,50231.666666666664,9081.833333333334
2017-05-16,2400.669921875,10.649999618530272,6.0,6.0,0.0,60811.333333333336,14345.333333333334
2017-05-17,2357.030029296875,15.59000015258789,1.0,1.0,0.0,58831.0,10836.0
2017-05-18,2365.719970703125,14.65999984741211,4.0,4.0,0.0,69809.0,18982.25
2017-05-19,2381.72998046875,12.039999961853027,3.0,3.0,0.0,56478.333333333336,10681.0
2017-05-22,2394.02001953125,10.93000030517578,7.0,5.0,2.0,41018.42857142857,18737.571428571428
2017-05-23,2398.419921875,10.720000267028809,4.0,4.0,0.0,83014.5,17334.75
2017-05-24,2404.389892578125,10.020000457763672,2.0,2.0,0.0,72393.0,14809.5
2017-05-25,2415.070068359375,9.989999771118164,4.0,3.0,1.0,37783.75,9648.0
2017-05-26,2415.820068359375,9.8100004196167,4.0,4.0,0.0,57600.75,11510.75
2017-05-30,2412.909912109375,10.380000114440918,30.0,28.0,2.0,51663.23333333333,11191.6
2017-05-31,2411.800048828125,10.40999984741211,9.0,9.0,0.0,89243.66666666667,32934.0
2017-06-01,2430.06005859375,9.890000343322754,5.0,5.0,0.0,70027.6,16152.8
2017-06-02,2439.070068359375,9.75,10.0,2.0,8.0,20372.7,10606.1
2017-06-05,2436.10009765625,10.06999969482422,15.0,14.0,1.0,92805.46666666666,24959.266666666666
2017-06-06,2429.330078125,10.449999809265137,10.0,8.0,2.0,60799.1,18782.5
2017-06-07,2433.139892578125,10.390000343322754,5.0,5.0,0.0,63438.2,13285.2
2017-06-08,2433.7900390625,10.15999984741211,0.0,0.0,0.0,0.0,0.0
2017-06-09,2431.77001953125,10.699999809265137,7.0,6.0,1.0,60519.142857142855,15057.142857142857
2017-06-12,2429.389892578125,11.460000038146973,14.0,12.0,2.0,59730.71428571428,13753.57142857143
2017-06-13,2440.35009765625,10.420000076293944,10.0,9.0,1.0,56251.3,14454.2
2017-06-14,2437.919921875,10.640000343322754,4.0,3.0,1.0,77974.25,16169.25
2017-06-15,2432.4599609375,10.899999618530272,7.0,7.0,0.0,102712.85714285714,26609.428571428572
2017-06-16,2433.14990234375,10.380000114440918,7.0,7.0,0.0,80460.28571428571,18795.14285714286
2017-06-19,2453.4599609375,10.369999885559082,23.0,17.0,6.0,38371.52173913043,10290.652173913044
2017-06-20,2437.030029296875,10.859999656677246,6.0,5.0,1.0,52611.833333333336,13883.833333333334
2017-06-21,2435.610107421875,10.75,9.0,9.0,0.0,71361.77777777778,13948.777777777777
2017-06-22,2434.5,10.479999542236328,13.0,13.0,0.0,63273.153846153844,15049.384615384615
2017-06-23,2438.300048828125,10.020000457763672,7.0,5.0,2.0,41607.142857142855,9240.42857142857
2017-06-26,2439.070068359375,9.899999618530272,17.0,15.0,2.0,67065.82352941176,17026.58823529412
2017-06-27,2419.3798828125,11.0600004196167,14.0,7.0,7.0,42016.857142857145,13249.785714285714
2017-06-28,2440.68994140625,10.029999732971191,9.0,8.0,1.0,45906.666666666664,11198.888888888889
2017-06-29,2419.699951171875,11.4399995803833,13.0,13.0,0.0,60168.38461538462,13485.76923076923
2017-06-30,2423.409912109375,11.18000030517578,7.0,7.0,0.0,71507.42857142857,16417.14285714286
2017-07-03,2429.010009765625,11.220000267028809,25.0,24.0,1.0,99761.36,30074.36
2017-07-05,2432.5400390625,11.06999969482422,11.0,10.0,1.0,98001.36363636363,22960.909090909092
2017-07-06,2409.75,12.539999961853027,4.0,4.0,0.0,89781.0,22560.25
2017-07-07,2425.179931640625,11.1899995803833,7.0,7.0,0.0,84232.14285714286,18206.571428571428
2017-07-10,2427.429931640625,11.109999656677246,26.0,20.0,6.0,60004.92307692308,16195.846153846154
2017-07-11,2425.530029296875,10.890000343322754,7.0,4.0,3.0,54331.42857142857,15133.142857142857
2017-07-12,2443.25,10.300000190734863,14.0,12.0,2.0,65190.92857142857,15412.214285714286
2017-07-13,2447.830078125,9.899999618530272,4.0,4.0,0.0,55763.5,10439.75
2017-07-14,2459.27001953125,9.510000228881836,11.0,11.0,0.0,51353.0,9640.09090909091
2017-07-17,2459.139892578125,9.81999969482422,19.0,19.0,0.0,66395.57894736843,12540.105263157895
2017-07-18,2460.610107421875,9.890000343322754,5.0,5.0,0.0,69678.4,15566.8
2017-07-19,2473.830078125,9.789999961853027,5.0,4.0,1.0,62610.6,15829.4
2017-07-20,2473.449951171875,9.579999923706056,3.0,3.0,0.0,75606.0,17312.666666666668
2017-07-21,2472.5400390625,9.359999656677246,7.0,7.0,0.0,39860.857142857145,8828.0
2017-07-24,2469.909912109375,9.43000030517578,28.0,27.0,1.0,67058.57142857143,15721.32142857143
2017-07-25,2477.1298828125,9.43000030517578,19.0,19.0,0.0,53386.10526315789,12343.21052631579
2017-07-26,2477.830078125,9.600000381469728,12.0,11.0,1.0,67580.25,17248.75
2017-07-27,2475.419921875,10.109999656677246,10.0,9.0,1.0,51960.6,12552.1
2017-07-28,2472.10009765625,10.289999961853027,9.0,9.0,0.0,60161.77777777778,13021.0
2017-07-31,2470.300048828125,10.260000228881836,19.0,18.0,1.0,72038.1052631579,17087.36842105263
2017-08-01,2476.35009765625,10.09000015258789,3.0,3.0,0.0,91595.0,19519.0
2017-08-02,2477.570068359375,10.279999732971191,4.0,4.0,0.0,56370.75,12067.75
2017-08-03,2472.159912109375,10.4399995803833,10.0,8.0,2.0,53759.9,12900.9
2017-08-04,2476.830078125,10.029999732971191,16.0,8.0,8.0,32220.5625,13645.375
2017-08-07,2480.909912109375,9.93000030517578,27.0,23.0,4.0,59484.74074074074,14390.666666666666
2017-08-08,2474.919921875,10.960000038146973,8.0,4.0,4.0,39643.0,12295.0
2017-08-09,2474.02001953125,11.109999656677246,11.0,5.0,6.0,39238.72727272727,12161.272727272728
2017-08-10,2438.2099609375,16.040000915527344,9.0,4.0,5.0,36953.444444444445,15052.444444444445
2017-08-11,2441.320068359375,15.510000228881836,8.0,4.0,4.0,36806.875,13944.5
2017-08-14,2465.840087890625,12.329999923706056,22.0,17.0,5.0,56349.181818181816,14393.681818181818
2017-08-15,2464.610107421875,12.039999961853027,10.0,5.0,5.0,30018.3,10017.8
2017-08-16,2468.110107421875,11.739999771118164,15.0,10.0,5.0,44255.6,11930.333333333334
2017-08-17,2430.010009765625,15.550000190734863,12.0,12.0,0.0,87787.41666666667,21349.583333333332
2017-08-18,2425.550048828125,14.260000228881836,8.0,6.0,2.0,59742.5,14786.75
2017-08-21,2428.3701171875,13.1899995803833,14.0,14.0,0.0,81704.57142857143,16785.64285714286
2017-08-22,2452.510009765625,11.350000381469728,8.0,7.0,1.0,47313.5,10007.0
2017-08-23,2444.0400390625,12.25,10.0,10.0,0.0,63165.6,13886.8
2017-08-24,2438.969970703125,12.229999542236328,15.0,14.0,1.0,36903.4,9749.8
2017-08-25,2443.050048828125,11.279999732971191,14.0,12.0,2.0,48335.71428571428,10601.857142857143
2017-08-28,2444.239990234375,11.31999969482422,27.0,19.0,8.0,48568.40740740741,12704.62962962963
2017-08-29,2446.300048828125,11.699999809265137,6.0,2.0,4.0,31287.0,9855.666666666666
2017-08-30,2457.590087890625,11.220000267028809,5.0,5.0,0.0,87635.0,17335.4
2017-08-31,2471.64990234375,10.59000015258789,5.0,2.0,3.0,38119.4,12901.6
2017-09-01,2476.550048828125,10.130000114440918,7.0,7.0,0.0,69547.71428571429,15496.57142857143
2017-09-05,2457.85009765625,12.229999542236328,24.0,19.0,5.0,69986.5,18384.25
2017-09-06,2465.5400390625,11.630000114440918,8.0,7.0,1.0,54543.25,11283.75
2017-09-07,2465.10009765625,11.550000190734863,12.0,9.0,3.0,35193.166666666664,9267.333333333334
2017-09-08,2461.429931640625,12.119999885559082,8.0,8.0,0.0,62523.75,14217.625
2017-09-11,2488.110107421875,10.729999542236328,16.0,7.0,9.0,33411.1875,10585.8125
2017-09-12,2496.47998046875,10.579999923706056,5.0,4.0,1.0,60284.6,12267.6
2017-09-13,2498.3701171875,10.5,3.0,3.0,0.0,74105.33333333333,13935.333333333334
2017-09-14,2495.6201171875,10.4399995803833,13.0,13.0,0.0,62943.53846153846,12843.923076923076
2017-09-15,2500.22998046875,10.170000076293944,14.0,14.0,0.0,68365.71428571429,15512.857142857143
2017-09-18,2503.8701171875,10.149999618530272,23.0,13.0,10.0,30624.565217391304,11098.608695652174
2017-09-19,2506.64990234375,10.18000030517578,9.0,8.0,1.0,58647.11111111111,14825.0
2017-09-20,2508.239990234375,9.779999732971191,26.0,19.0,7.0,33816.61538461538,8766.807692307691
2017-09-21,2500.60009765625,9.670000076293944,9.0,9.0,0.0,43850.666666666664,8117.0
2017-09-22,2502.219970703125,9.59000015258789,11.0,9.0,2.0,50874.545454545456,12015.454545454546
2017-09-25,2496.659912109375,10.210000038146973,33.0,30.0,3.0,97072.57575757576,23849.636363636364
2017-09-26,2496.840087890625,10.170000076293944,21.0,20.0,1.0,43517.333333333336,9096.047619047618
2017-09-27,2507.0400390625,9.869999885559082,12.0,12.0,0.0,60626.333333333336,12590.166666666666
2017-09-28,2510.06005859375,9.550000190734863,8.0,6.0,2.0,46083.375,11135.875
2017-09-29,2519.360107421875,9.510000228881836,12.0,11.0,1.0,40880.25,9169.416666666666
2017-10-02,2529.1201171875,9.449999809265137,42.0,30.0,12.0,49860.333333333336,12732.57142857143
2017-10-03,2534.580078125,9.510000228881836,4.0,4.0,0.0,82035.5,15184.5
2017-10-04,2537.739990234375,9.630000114440918,13.0,8.0,5.0,50114.692307692305,13047.0
2017-10-05,2552.070068359375,9.1899995803833,10.0,6.0,4.0,50953.5,12979.4
2017-10-06,2549.330078125,9.649999618530272,3.0,1.0,2.0,25749.0,12234.333333333334
2017-10-09,2544.72998046875,10.329999923706056,26.0,24.0,2.0,57942.730769230766,11861.576923076924
2017-10-10,2550.639892578125,10.079999923706056,11.0,9.0,2.0,59259.818181818184,14890.636363636364
2017-10-11,2555.239990234375,9.850000381469728,15.0,14.0,1.0,56379.8,11989.266666666666
2017-10-12,2550.929931640625,9.90999984741211,12.0,10.0,2.0,41892.833333333336,9752.833333333334
2017-10-13,2553.169921875,9.609999656677246,13.0,12.0,1.0,52274.53846153846,12473.76923076923
2017-10-16,2557.639892578125,9.90999984741211,25.0,17.0,8.0,44696.88,10653.28
2017-10-17,2559.360107421875,10.3100004196167,9.0,8.0,1.0,43038.88888888889,10341.0
2017-10-18,2561.260009765625,10.06999969482422,17.0,17.0,0.0,55196.82352941176,12804.470588235294
2017-10-19,2562.10009765625,10.050000190734863,7.0,6.0,1.0,58266.57142857143,16455.714285714286
2017-10-20,2575.2099609375,9.970000267028809,11.0,11.0,0.0,56026.72727272727,11953.636363636364
2017-10-23,2564.97998046875,11.06999969482422,21.0,20.0,1.0,73431.57142857143,16421.238095238095
2017-10-24,2569.1298828125,11.15999984741211,8.0,8.0,0.0,58337.0,11765.5
2017-10-25,2557.14990234375,11.229999542236328,13.0,13.0,0.0,51246.692307692305,10726.153846153846
2017-10-26,2560.39990234375,11.300000190734863,11.0,8.0,3.0,40228.181818181816,10277.636363636364
2017-10-27,2581.070068359375,9.800000190734863,15.0,15.0,0.0,44856.6,9093.933333333332
2017-10-30,2572.830078125,10.5,21.0,21.0,0.0,70685.19047619047,16308.47619047619
2017-10-31,2575.260009765625,10.18000030517578,15.0,14.0,1.0,51639.666666666664,11914.533333333333
2017-11-01,2579.360107421875,10.199999809265137,15.0,15.0,0.0,57938.6,12892.2
2017-11-02,2579.85009765625,9.93000030517578,14.0,14.0,0.0,57440.92857142857,11752.214285714286
2017-11-03,2587.840087890625,9.140000343322754,20.0,20.0,0.0,70184.45,15709.05
2017-11-06,2591.1298828125,9.399999618530272,18.0,17.0,1.0,68509.27777777778,21839.61111111111
2017-11-07,2590.639892578125,9.890000343322754,11.0,9.0,2.0,37856.63636363636,11064.636363636364
2017-11-08,2594.3798828125,9.779999732971191,12.0,12.0,0.0,56686.166666666664,12025.666666666666
2017-11-09,2584.6201171875,10.5,4.0,4.0,0.0,85874.25,16458.75
2017-11-10,2582.300048828125,11.289999961853027,9.0,9.0,0.0,44256.22222222222,8798.888888888889
2017-11-13,2584.840087890625,11.5,16.0,16.0,0.0,92563.6875,25175.125
2017-11-14,2578.8701171875,11.59000015258789,8.0,8.0,0.0,58886.5,11392.0
2017-11-15,2564.6201171875,13.130000114440918,15.0,11.0,4.0,48960.666666666664,13188.066666666668
2017-11-16,2585.639892578125,11.760000228881836,7.0,7.0,0.0,69288.28571428571,13349.0
2017-11-17,2578.85009765625,11.43000030517578,7.0,7.0,0.0,64234.71428571428,13493.857142857143
2017-11-20,2582.139892578125,10.649999618530272,12.0,10.0,2.0,93016.08333333333,21564.583333333332
2017-11-21,2599.030029296875,9.729999542236328,2.0,2.0,0.0,58903.5,11529.5
2017-11-22,2597.080078125,9.880000114440918,11.0,8.0,3.0,55634.818181818184,13917.545454545454
2017-11-24,2602.419921875,9.670000076293944,18.0,16.0,2.0,69364.66666666667,14842.666666666666
2017-11-27,2601.419921875,9.869999885559082,12.0,12.0,0.0,74655.16666666667,16670.75
2017-11-28,2627.0400390625,10.029999732971191,15.0,9.0,6.0,32657.866666666665,11209.2
2017-11-29,2626.070068359375,10.699999809265137,20.0,16.0,4.0,43691.2,12347.05
2017-11-30,2647.580078125,11.279999732971191,15.0,15.0,0.0,59104.0,14281.6
2017-12-01,2642.219970703125,11.43000030517578,9.0,8.0,1.0,84396.55555555556,22056.0
2017-12-04,2639.43994140625,11.68000030517578,22.0,18.0,4.0,70055.04545454546,19235.409090909092
2017-12-05,2629.570068359375,11.329999923706056,2.0,2.0,0.0,49756.0,10613.5
2017-12-06,2629.27001953125,11.020000457763672,5.0,4.0,1.0,73640.0,19389.8
2017-12-07,2636.97998046875,10.15999984741211,9.0,6.0,3.0,39911.333333333336,11065.888888888889
2017-12-08,2651.5,9.579999923706056,8.0,8.0,0.0,66941.875,16029.0
2017-12-11,2659.989990234375,9.34000015258789,19.0,19.0,0.0,71141.63157894737,15508.315789473685
2017-12-12,2664.110107421875,9.920000076293944,5.0,5.0,0.0,81251.8,18488.4
2017-12-13,2662.85009765625,10.18000030517578,5.0,5.0,0.0,84995.2,16024.4
2017-12-14,2652.010009765625,10.489999771118164,7.0,6.0,1.0,51128.57142857143,12399.0
2017-12-15,2675.81005859375,9.420000076293944,4.0,4.0,0.0,57672.5,11673.5
2017-12-18,2690.159912109375,9.529999732971191,23.0,20.0,3.0,49105.739130434784,10693.0
2017-12-19,2681.469970703125,10.029999732971191,5.0,5.0,0.0,80397.8,16512.0
2017-12-20,2679.25,9.720000267028809,6.0,6.0,0.0,78980.83333333333,16725.5
2017-12-21,2684.570068359375,9.619999885559082,5.0,5.0,0.0,75472.0,15249.6
2017-12-22,2683.340087890625,9.899999618530272,11.0,11.0,0.0,76981.36363636363,15344.272727272728
2017-12-26,2680.5,10.25,18.0,15.0,3.0,92113.66666666667,22320.722222222223
2017-12-27,2682.6201171875,10.470000267028809,2.0,2.0,0.0,66187.0,13311.5
2017-12-28,2687.5400390625,10.18000030517578,11.0,7.0,4.0,46221.36363636364,13737.09090909091
2017-12-29,2673.610107421875,11.039999961853027,8.0,4.0,4.0,60816.25,21153.625
2018-01-02,2695.81005859375,9.770000457763672,31.0,31.0,0.0,96155.19354838709,21865.354838709678
2018-01-03,2713.06005859375,9.149999618530272,4.0,4.0,0.0,200934.75,58472.0
2018-01-04,2723.989990234375,9.220000267028809,10.0,10.0,0.0,95532.8,20890.3
2018-01-05,2743.14990234375,9.220000267028809,6.0,6.0,0.0,94475.66666666667,19488.166666666668
2018-01-08,2747.7099609375,9.520000457763672,19.0,19.0,0.0,93287.73684210527,19758.736842105263
2018-01-09,2751.2900390625,10.079999923706056,5.0,4.0,1.0,55515.2,13719.2
2018-01-10,2748.22998046875,9.81999969482422,10.0,10.0,0.0,69269.2,14688.9
2018-01-11,2767.56005859375,9.880000114440918,8.0,8.0,0.0,73432.625,15258.875
2018-01-12,2786.239990234375,10.15999984741211,14.0,14.0,0.0,86439.85714285714,19206.64285714286
2018-01-16,2776.419921875,11.65999984741211,38.0,24.0,14.0,54487.55263157895,17717.026315789473
2018-01-17,2802.56005859375,11.90999984741211,5.0,5.0,0.0,65813.0,13711.8
2018-01-18,2798.030029296875,12.220000267028809,12.0,12.0,0.0,88119.58333333333,19225.666666666668
2018-01-19,2810.300048828125,11.270000457763672,6.0,6.0,0.0,69705.16666666667,15131.166666666666
2018-01-22,2832.969970703125,11.029999732971191,21.0,15.0,6.0,80884.0,23359.380952380954
2018-01-23,2839.1298828125,11.100000381469728,6.0,6.0,0.0,85960.33333333333,18152.5
2018-01-24,2837.5400390625,11.470000267028809,5.0,5.0,0.0,102959.0,21676.8
2018-01-25,2839.25,11.579999923706056,4.0,4.0,0.0,82070.75,15238.25
2018-01-26,2872.8701171875,11.079999923706056,7.0,7.0,0.0,61930.142857142855,11795.142857142857
2018-01-29,2853.530029296875,13.84000015258789,8.0,8.0,0.0,127638.875,27725.25
2018-01-30,2822.429931640625,14.789999961853027,0.0,0.0,0.0,0.0,0.0
2018-01-31,2823.81005859375,13.539999961853027,1.0,1.0,0.0,93099.0,17286.0
2018-02-01,2821.97998046875,13.470000267028809,3.0,3.0,0.0,126437.33333333333,25201.0
2018-02-02,2762.1298828125,17.309999465942383,6.0,6.0,0.0,95655.0,23736.0
2018-02-05,2648.93994140625,37.31999969482422,15.0,13.0,2.0,100377.73333333334,23397.266666666666
2018-02-06,2695.139892578125,29.979999542236328,5.0,5.0,0.0,85321.8,19563.4
2018-02-07,2681.659912109375,27.729999542236328,7.0,7.0,0.0,102299.71428571429,19616.85714285714
2018-02-08,2581.0,33.459999084472656,5.0,5.0,0.0,85817.6,18762.6
2018-02-09,2619.550048828125,29.059999465942383,4.0,4.0,0.0,97256.75,23421.75
2018-02-12,2656.0,25.61000061035156,16.0,16.0,0.0,86580.8125,19724.3125
2018-02-13,2662.93994140625,24.96999931335449,2.0,2.0,0.0,90712.5,17978.5
2018-02-14,2698.6298828125,19.26000022888184,4.0,4.0,0.0,87192.0,16947.25
2018-02-15,2731.199951171875,19.1299991607666,7.0,6.0,1.0,56876.57142857143,13350.42857142857
2018-02-16,2732.219970703125,19.459999084472656,3.0,3.0,0.0,101862.0,20852.333333333332
2018-02-20,2716.260009765625,20.600000381469727,36.0,35.0,1.0,77460.63888888889,17183.222222222223
2018-02-21,2701.330078125,20.020000457763672,8.0,8.0,0.0,77272.125,16306.5
2018-02-22,2703.9599609375,18.71999931335449,10.0,10.0,0.0,94513.7,19199.9
2018-02-23,2747.300048828125,16.489999771118164,10.0,10.0,0.0,71947.8,14660.3
2018-02-26,2779.60009765625,15.800000190734863,16.0,11.0,5.0,46389.375,15070.1875
2018-02-27,2744.280029296875,18.59000015258789,8.0,8.0,0.0,63361.875,14931.75
2018-02-28,2713.830078125,19.850000381469727,10.0,10.0,0.0,71493.9,15487.4
2018-03-01,2677.669921875,22.46999931335449,6.0,6.0,0.0,55371.666666666664,11689.0
2018-03-02,2691.25,19.59000015258789,13.0,11.0,2.0,58616.307692307695,12481.153846153846
2018-03-05,2720.93994140625,18.729999542236328,11.0,11.0,0.0,87580.81818181818,19525.909090909092
2018-03-06,2728.1201171875,18.36000061035156,8.0,7.0,1.0,72034.5,18424.0
2018-03-07,2726.800048828125,17.760000228881836,6.0,6.0,0.0,61823.0,12977.0
2018-03-08,2738.969970703125,16.540000915527344,5.0,5.0,0.0,50254.8,9777.6
2018-03-09,2786.570068359375,14.640000343322754,5.0,5.0,0.0,73251.0,16786.8
2018-03-12,2783.02001953125,15.779999732971191,23.0,23.0,0.0,66608.08695652174,13950.434782608696
2018-03-13,2765.31005859375,16.350000381469727,8.0,8.0,0.0,79887.75,20123.0
2018-03-14,2749.47998046875,17.229999542236328,10.0,10.0,0.0,62143.8,12642.1
2018-03-15,2747.330078125,16.59000015258789,6.0,5.0,1.0,56500.333333333336,11678.333333333334
2018-03-16,2752.010009765625,15.800000190734863,4.0,4.0,0.0,66095.75,12848.25
2018-03-19,2712.919921875,19.020000457763672,11.0,10.0,1.0,87294.54545454546,21491.545454545456
2018-03-20,2716.93994140625,18.200000762939453,2.0,2.0,0.0,102007.5,22363.0
2018-03-21,2711.929931640625,17.860000610351562,7.0,7.0,0.0,70205.0,14743.142857142857
2018-03-22,2643.68994140625,23.34000015258789,8.0,7.0,1.0,80301.625,20871.125
2018-03-23,2588.260009765625,24.8700008392334,6.0,6.0,0.0,71548.66666666667,15888.0
2018-03-26,2658.550048828125,21.030000686645508,12.0,12.0,0.0,71033.0,14972.5
2018-03-27,2612.6201171875,22.5,3.0,2.0,1.0,48909.333333333336,17808.333333333332
2018-03-28,2605.0,22.8700008392334,9.0,9.0,0.0,83661.88888888889,19399.88888888889
2018-03-29,2640.8701171875,19.96999931335449,4.0,4.0,0.0,81846.5,18880.75
2018-04-02,2581.8798828125,23.6200008392334,17.0,17.0,0.0,78894.5294117647,18445.70588235294
2018-04-03,2614.449951171875,21.100000381469727,13.0,13.0,0.0,72608.61538461539,16274.923076923076
2018-04-04,2644.68994140625,20.059999465942383,6.0,6.0,0.0,83542.0,18472.5
2018-04-05,2662.840087890625,18.940000534057617,4.0,4.0,0.0,64813.75,13979.75
2018-04-06,2604.469970703125,21.489999771118164,7.0,6.0,1.0,57193.57142857143,17754.571428571428
2018-04-09,2613.159912109375,21.770000457763672,19.0,18.0,1.0,72894.05263157895,16748.842105263157
2018-04-10,2656.8701171875,20.46999931335449,6.0,6.0,0.0,74962.66666666667,16261.166666666666
2018-04-11,2642.18994140625,20.239999771118164,11.0,10.0,1.0,64436.27272727273,17010.18181818182
2018-04-12,2663.989990234375,18.489999771118164,10.0,10.0,0.0,62625.6,12566.8
2018-04-13,2656.300048828125,17.40999984741211,6.0,6.0,0.0,97957.5,22257.0
2018-04-16,2677.840087890625,16.559999465942383,15.0,13.0,2.0,87800.73333333334,21858.133333333335
2018-04-17,2706.389892578125,15.25,24.0,10.0,14.0,26030.0,7881.208333333333
2018-04-18,2708.639892578125,15.600000381469728,17.0,12.0,5.0,45633.35294117647,13477.529411764706
2018-04-19,2693.1298828125,15.960000038146973,14.0,13.0,1.0,56327.28571428572,13161.42857142857
2018-04-20,2670.139892578125,16.8799991607666,9.0,9.0,0.0,94222.77777777778,22165.11111111111
2018-04-23,2670.2900390625,16.34000015258789,30.0,29.0,1.0,67732.63333333333,14654.266666666666
2018-04-24,2634.56005859375,18.020000457763672,10.0,8.0,2.0,35052.9,7974.1
2018-04-25,2639.39990234375,17.84000015258789,7.0,6.0,1.0,118207.28571428571,29989.285714285714
2018-04-26,2666.93994140625,16.239999771118164,3.0,3.0,0.0,77054.66666666667,13717.0
2018-04-27,2669.909912109375,15.40999984741211,11.0,9.0,2.0,71401.54545454546,16746.909090909092
2018-04-30,2648.050048828125,15.93000030517578,22.0,22.0,0.0,81934.13636363637,17271.954545454544
2018-05-01,2654.800048828125,15.489999771118164,7.0,7.0,0.0,70627.85714285714,14115.42857142857
2018-05-02,2635.669921875,15.970000267028809,7.0,7.0,0.0,76451.85714285714,17875.571428571428
2018-05-03,2629.72998046875,15.899999618530272,9.0,9.0,0.0,67444.55555555556,13528.666666666666
2018-05-04,2663.419921875,14.770000457763672,10.0,10.0,0.0,78896.0,16641.6
2018-05-07,2672.6298828125,14.75,15.0,15.0,0.0,71390.66666666667,15655.866666666667
2018-05-08,2671.919921875,14.710000038146973,7.0,5.0,2.0,60773.0,17239.14285714286
2018-05-09,2697.7900390625,13.420000076293944,8.0,8.0,0.0,96694.625,21029.375
2018-05-10,2723.070068359375,13.229999542236328,5.0,5.0,0.0,160212.2,36418.2
2018-05-11,2727.719970703125,12.649999618530272,5.0,5.0,0.0,85581.8,18182.4
2018-05-14,2730.1298828125,12.93000030517578,14.0,14.0,0.0,98386.42857142857,19733.85714285714
2018-05-15,2711.449951171875,14.630000114440918,9.0,7.0,2.0,57588.333333333336,12140.0
2018-05-16,2722.4599609375,13.420000076293944,10.0,10.0,0.0,51396.8,9961.1
2018-05-17,2720.1298828125,13.43000030517578,11.0,10.0,1.0,65731.09090909091,17126.18181818182
2018-05-18,2712.969970703125,13.420000076293944,11.0,10.0,1.0,70184.18181818182,16624.0
2018-05-21,2733.010009765625,13.079999923706056,24.0,22.0,2.0,74209.75,18247.083333333332
2018-05-22,2724.43994140625,13.220000267028809,2.0,2.0,0.0,53534.5,9841.0
2018-05-23,2733.2900390625,12.579999923706056,17.0,17.0,0.0,61965.882352941175,14399.058823529413
2018-05-24,2727.760009765625,12.529999732971191,11.0,10.0,1.0,53922.90909090909,13029.0
2018-05-25,2721.330078125,13.220000267028809,18.0,13.0,5.0,51701.38888888889,14725.611111111111
2018-05-29,2689.860107421875,17.020000457763672,33.0,33.0,0.0,77097.27272727272,17698.18181818182
2018-05-30,2724.010009765625,14.9399995803833,10.0,10.0,0.0,72566.1,16260.1
2018-05-31,2705.27001953125,15.43000030517578,16.0,10.0,6.0,48383.1875,13252.75
2018-06-01,2734.6201171875,13.460000038146973,6.0,5.0,1.0,68144.16666666667,14764.666666666666
2018-06-04,2746.8701171875,12.739999771118164,34.0,30.0,4.0,53924.41176470588,12919.823529411764
2018-06-05,2748.800048828125,12.399999618530272,18.0,18.0,0.0,60089.88888888889,12810.777777777777
2018-06-06,2772.35009765625,11.640000343322754,18.0,15.0,3.0,55026.38888888889,13724.555555555555
2018-06-07,2770.3701171875,12.130000114440918,20.0,20.0,0.0,56747.7,13463.2
2018-06-08,2779.030029296875,12.18000030517578,6.0,6.0,0.0,83369.83333333333,18101.0
2018-06-11,2782.0,12.350000381469728,24.0,22.0,2.0,80552.79166666667,17738.625
2018-06-12,2786.85009765625,12.34000015258789,12.0,11.0,1.0,77736.83333333333,18798.25
2018-06-13,2775.6298828125,12.9399995803833,17.0,17.0,0.0,88743.76470588235,17985.529411764706
2018-06-14,2782.489990234375,12.119999885559082,7.0,7.0,0.0,80373.42857142857,17006.428571428572
2018-06-15,2779.659912109375,11.979999542236328,19.0,13.0,6.0,51322.05263157895,13742.0
2018-06-18,2773.75,12.3100004196167,32.0,25.0,7.0,63592.96875,19215.59375
2018-06-19,2762.590087890625,13.350000381469728,9.0,9.0,0.0,76732.22222222222,17803.88888888889
2018-06-20,2767.320068359375,12.789999961853027,16.0,13.0,3.0,56671.8125,15972.0625
2018-06-21,2749.760009765625,14.640000343322754,19.0,19.0,0.0,68017.15789473684,14919.0
2018-06-22,2754.8798828125,13.770000457763672,15.0,13.0,2.0,61764.53333333333,20305.266666666666
2018-06-25,2717.070068359375,17.329999923706055,52.0,37.0,15.0,53913.557692307695,16178.576923076924
2018-06-26,2723.06005859375,15.920000076293944,12.0,11.0,1.0,65570.58333333333,14118.333333333334
2018-06-27,2699.6298828125,17.90999984741211,17.0,16.0,1.0,63401.0,12865.941176470587
2018-06-28,2716.31005859375,16.850000381469727,14.0,14.0,0.0,67819.35714285714,14291.57142857143
2018-06-29,2718.3701171875,16.09000015258789,5.0,3.0,2.0,38495.2,10735.4
2018-07-02,2726.7099609375,15.600000381469728,21.0,14.0,7.0,63753.857142857145,17628.04761904762
2018-07-03,2713.219970703125,16.139999389648438,21.0,19.0,2.0,57858.666666666664,13239.095238095239
2018-07-05,2736.610107421875,14.970000267028809,10.0,10.0,0.0,93907.4,19080.3
2018-07-06,2759.820068359375,13.369999885559082,6.0,6.0,0.0,96169.33333333333,20335.666666666668
2018-07-09,2784.169921875,12.6899995803833,21.0,16.0,5.0,76168.57142857143,20786.85714285714
2018-07-10,2793.840087890625,12.640000343322754,18.0,11.0,7.0,51329.38888888889,20372.11111111111
2018-07-11,2774.02001953125,13.630000114440918,18.0,10.0,8.0,37220.055555555555,13688.388888888889
2018-07-12,2798.2900390625,12.579999923706056,10.0,8.0,2.0,52989.5,12615.7
2018-07-13,2801.31005859375,12.18000030517578,4.0,3.0,1.0,53318.5,12609.5
2018-07-16,2798.429931640625,12.829999923706056,37.0,25.0,12.0,54281.75675675676,15940.864864864865
2018-07-17,2809.550048828125,12.0600004196167,5.0,5.0,0.0,79545.8,16762.4
2018-07-18,2815.6201171875,12.100000381469728,15.0,13.0,2.0,68815.2,16702.6
2018-07-19,2804.489990234375,12.869999885559082,13.0,13.0,0.0,68355.69230769231,16228.538461538461
2018-07-20,2801.830078125,12.859999656677246,14.0,7.0,7.0,40082.71428571428,15826.642857142857
2018-07-23,2806.97998046875,12.619999885559082,24.0,24.0,0.0,87018.95833333333,21578.5
2018-07-24,2820.39990234375,12.40999984741211,16.0,14.0,2.0,55123.0,12628.5
2018-07-25,2846.070068359375,12.289999961853027,15.0,15.0,0.0,68908.6,15168.8
2018-07-26,2837.43994140625,12.140000343322754,12.0,11.0,1.0,65070.083333333336,15071.833333333334
2018-07-27,2818.820068359375,13.029999732971191,16.0,16.0,0.0,65777.0,14434.1875
2018-07-30,2802.60009765625,14.260000228881836,35.0,28.0,7.0,53758.857142857145,15246.857142857143
2018-07-31,2816.2900390625,12.829999923706056,19.0,16.0,3.0,55331.15789473684,13460.263157894737
2018-08-01,2813.360107421875,13.149999618530272,14.0,13.0,1.0,53599.642857142855,13747.5
2018-08-02,2827.219970703125,12.1899995803833,13.0,12.0,1.0,64427.53846153846,14656.846153846154
2018-08-03,2840.35009765625,11.640000343322754,10.0,9.0,1.0,54255.7,12659.9
2018-08-06,2850.39990234375,11.270000457763672,49.0,33.0,16.0,46593.163265306124,13626.285714285714
2018-08-07,2858.449951171875,10.93000030517578,4.0,3.0,1.0,63439.75,17780.25
2018-08-08,2857.699951171875,10.850000381469728,10.0,10.0,0.0,84042.1,16859.7
2018-08-09,2853.580078125,11.270000457763672,6.0,6.0,0.0,78065.16666666667,19144.0
2018-08-10,2833.280029296875,13.15999984741211,8.0,8.0,0.0,101659.625,22393.125
2018-08-13,2821.929931640625,14.779999732971191,28.0,26.0,2.0,68563.03571428571,16995.285714285714
2018-08-14,2839.9599609375,13.3100004196167,17.0,17.0,0.0,63467.94117647059,14412.882352941177
2018-08-15,2818.3701171875,14.640000343322754,17.0,16.0,1.0,49148.705882352944,11923.235294117647
2018-08-16,2840.68994140625,13.449999809265137,17.0,17.0,0.0,76414.23529411765,18442.117647058825
2018-08-17,2850.1298828125,12.640000343322754,18.0,18.0,0.0,64349.22222222222,14864.333333333334
2018-08-20,2857.050048828125,12.489999771118164,30.0,30.0,0.0,73508.93333333333,17641.466666666667
2018-08-21,2862.9599609375,12.859999656677246,13.0,13.0,0.0,65450.230769230766,14698.0
2018-08-22,2861.820068359375,12.25,13.0,13.0,0.0,65200.692307692305,14544.923076923076
2018-08-23,2856.97998046875,12.40999984741211,13.0,12.0,1.0,55847.230769230766,13629.923076923076
2018-08-24,2874.68994140625,11.989999771118164,13.0,12.0,1.0,68430.69230769231,17435.153846153848
2018-08-27,2896.739990234375,12.15999984741211,31.0,26.0,5.0,71035.45161290323,19938.870967741936
2018-08-28,2897.52001953125,12.5,10.0,10.0,0.0,65853.5,16756.7
2018-08-29,2914.0400390625,12.25,24.0,24.0,0.0,70559.95833333333,17219.333333333332
2018-08-30,2901.1298828125,13.529999732971191,18.0,18.0,0.0,68049.66666666667,16328.0
2018-08-31,2901.52001953125,12.859999656677246,4.0,4.0,0.0,81756.25,18805.0
2018-09-04,2896.719970703125,13.15999984741211,54.0,45.0,9.0,56494.46296296296,15306.555555555555
2018-09-05,2888.60009765625,13.90999984741211,15.0,15.0,0.0,72159.73333333334,17225.466666666667
2018-09-06,2878.050048828125,14.649999618530272,8.0,8.0,0.0,86866.75,20672.125
2018-09-07,2871.679931640625,14.880000114440918,9.0,9.0,0.0,77826.55555555556,16886.777777777777
2018-09-10,2877.1298828125,14.15999984741211,50.0,35.0,15.0,49872.98,16001.46
2018-09-11,2887.889892578125,13.220000267028809,11.0,10.0,1.0,56401.181818181816,13930.454545454546
2018-09-12,2888.919921875,13.140000343322754,13.0,13.0,0.0,57566.153846153844,13032.615384615385
2018-09-13,2904.179931640625,12.369999885559082,17.0,12.0,5.0,37034.0,14583.764705882353
2018-09-14,2904.97998046875,12.06999969482422,30.0,6.0,24.0,13038.266666666666,6474.933333333333
2018-09-17,2888.800048828125,13.68000030517578,54.0,33.0,21.0,36115.37037037037,9803.555555555555
2018-09-18,2904.31005859375,12.789999961853027,12.0,12.0,0.0,58556.083333333336,12915.0
2018-09-19,2907.949951171875,11.75,9.0,9.0,0.0,72338.55555555556,15978.0
2018-09-20,2930.75,11.800000190734863,14.0,14.0,0.0,56816.57142857143,13046.214285714286
2018-09-21,2929.669921875,11.68000030517578,25.0,16.0,9.0,34830.48,11125.16
2018-09-24,2919.3701171875,12.199999809265137,23.0,17.0,6.0,42621.69565217391,11088.08695652174
2018-09-25,2915.56005859375,12.420000076293944,15.0,15.0,0.0,57788.6,13140.933333333332
2018-09-26,2905.969970703125,12.890000343322754,14.0,9.0,5.0,47955.78571428572,14719.714285714286
2018-09-27,2914.0,12.40999984741211,1.0,1.0,0.0,281610.0,69503.0
2018-09-28,2913.97998046875,12.119999885559082,0.0,0.0,0.0,0.0,0.0
2018-10-01,2924.590087890625,12.0,14.0,14.0,0.0,98565.35714285714,22097.928571428572
2018-10-02,2923.429931640625,12.050000190734863,11.0,10.0,1.0,64647.27272727273,14427.272727272728
2018-10-03,2925.510009765625,11.609999656677246,16.0,15.0,1.0,53052.125,11793.625
2018-10-04,2901.610107421875,14.220000267028809,12.0,11.0,1.0,76914.25,18004.0
2018-10-05,2885.570068359375,14.81999969482422,10.0,5.0,5.0,59285.1,20702.0
2018-10-08,2884.429931640625,15.6899995803833,19.0,17.0,2.0,77479.8947368421,18834.263157894737
2018-10-09,2880.340087890625,15.949999809265137,18.0,11.0,7.0,30271.166666666668,10000.277777777777
2018-10-10,2785.679931640625,22.959999084472656,23.0,8.0,15.0,18994.521739130436,6580.565217391304
2018-10-11,2728.3701171875,24.979999542236328,11.0,8.0,3.0,34625.454545454544,9470.454545454546
2018-10-12,2767.1298828125,21.309999465942383,12.0,11.0,1.0,54921.416666666664,11871.916666666666
2018-10-15,2750.7900390625,21.299999237060547,31.0,26.0,5.0,54683.58064516129,12891.483870967742
2018-10-16,2809.919921875,17.6200008392334,19.0,17.0,2.0,62968.68421052631,15772.21052631579
2018-10-17,2809.2099609375,17.399999618530273,23.0,20.0,3.0,54331.0,13370.347826086956
2018-10-18,2768.780029296875,20.059999465942383,14.0,14.0,0.0,60289.642857142855,15442.142857142857
2018-10-19,2767.780029296875,19.88999938964844,11.0,11.0,0.0,66288.27272727272,16913.727272727272
2018-10-22,2755.8798828125,19.63999938964844,32.0,32.0,0.0,70569.8125,17418.96875
2018-10-23,2740.68994140625,20.709999084472656,15.0,14.0,1.0,58118.0,16078.333333333334
2018-10-24,2656.10009765625,25.229999542236328,7.0,7.0,0.0,83040.42857142857,19814.285714285714
2018-10-25,2705.570068359375,24.21999931335449,18.0,18.0,0.0,59395.27777777778,14473.5
2018-10-26,2658.68994140625,24.15999984741211,11.0,11.0,0.0,80629.09090909091,20067.454545454544
2018-10-29,2641.25,24.700000762939453,27.0,24.0,3.0,73629.0,19196.444444444445
2018-10-30,2682.6298828125,23.350000381469727,24.0,22.0,2.0,42449.0,11887.583333333334
2018-10-31,2711.739990234375,21.229999542236328,15.0,15.0,0.0,66530.06666666667,17705.866666666665
2018-11-01,2740.3701171875,19.34000015258789,12.0,10.0,2.0,44432.5,14710.666666666666
2018-11-02,2723.06005859375,19.51000022888184,10.0,10.0,0.0,66569.6,17047.4
2018-11-05,2738.31005859375,19.959999084472656,69.0,45.0,24.0,35915.115942028984,14754.507246376812
2018-11-06,2755.449951171875,19.90999984741211,35.0,15.0,20.0,19254.17142857143,12536.314285714287
2018-11-07,2813.889892578125,16.360000610351562,14.0,14.0,0.0,100287.57142857143,20612.428571428572
2018-11-08,2806.830078125,16.719999313354492,2.0,2.0,0.0,96337.0,18196.0
2018-11-09,2781.010009765625,17.360000610351562,12.0,12.0,0.0,99739.58333333333,26756.0
2018-11-12,2726.219970703125,20.450000762939453,24.0,22.0,2.0,77901.41666666667,17526.125
2018-11-13,2722.179931640625,20.020000457763672,14.0,14.0,0.0,83217.64285714286,19978.214285714286
2018-11-14,2701.580078125,21.25,5.0,5.0,0.0,69826.4,14258.6
2018-11-15,2730.199951171875,19.979999542236328,9.0,9.0,0.0,80043.66666666667,19121.777777777777
2018-11-16,2736.27001953125,18.13999938964844,4.0,4.0,0.0,47663.5,10761.0
2018-11-19,2690.72998046875,20.100000381469727,26.0,20.0,6.0,67847.19230769231,17343.96153846154
2018-11-20,2641.889892578125,22.479999542236328,3.0,1.0,2.0,26475.333333333332,14165.333333333334
2018-11-21,2649.929931640625,20.799999237060547,13.0,11.0,2.0,76353.92307692308,22284.615384615383
2018-11-23,2632.56005859375,21.520000457763672,15.0,14.0,1.0,86548.86666666667,20820.466666666667
2018-11-26,2673.449951171875,18.899999618530277,22.0,21.0,1.0,81068.77272727272,19290.227272727272
2018-11-27,2682.169921875,19.020000457763672,9.0,6.0,3.0,57027.77777777778,16655.88888888889
2018-11-28,2743.7900390625,18.489999771118164,15.0,8.0,7.0,45540.53333333333,21537.266666666666
2018-11-29,2737.800048828125,18.790000915527344,14.0,14.0,0.0,60084.21428571428,13471.92857142857
2018-11-30,2760.169921875,18.06999969482422,11.0,11.0,0.0,75969.90909090909,15872.09090909091
2018-12-03,2790.3701171875,16.440000534057617,23.0,19.0,4.0,69491.43478260869,15191.608695652174
2018-12-04,2700.06005859375,20.739999771118164,10.0,9.0,1.0,71796.2,17961.3
2018-12-06,2695.949951171875,21.190000534057617,13.0,13.0,0.0,76463.07692307692,14416.692307692309
2018-12-07,2633.080078125,23.229999542236328,23.0,22.0,1.0,70067.78260869565,16150.695652173914
2018-12-10,2637.719970703125,22.63999938964844,19.0,18.0,1.0,84282.1052631579,18788.947368421053
2018-12-11,2636.780029296875,21.76000022888184,13.0,13.0,0.0,77793.0,16619.30769230769
2018-12-12,2651.070068359375,21.459999084472656,3.0,3.0,0.0,126330.33333333333,30422.0
2018-12-13,2650.5400390625,20.649999618530277,13.0,13.0,0.0,64916.53846153846,14277.076923076924
2018-12-14,2599.949951171875,21.6299991607666,7.0,7.0,0.0,58947.0,11564.142857142857
2018-12-17,2545.93994140625,24.520000457763672,25.0,24.0,1.0,78735.44,18364.84
2018-12-18,2546.159912109375,25.57999992370605,11.0,9.0,2.0,53194.36363636364,15977.09090909091
2018-12-19,2506.9599609375,25.57999992370605,13.0,13.0,0.0,71323.0,15304.461538461539
2018-12-20,2467.419921875,28.3799991607666,17.0,15.0,2.0,68732.29411764706,17530.647058823528
2018-12-21,2416.6201171875,30.11000061035156,20.0,20.0,0.0,79871.15,16934.35
2018-12-24,2351.10009765625,36.06999969482422,39.0,37.0,2.0,92708.56410256411,19593.358974358973
2018-12-26,2467.699951171875,30.40999984741211,4.0,3.0,1.0,216655.25,43162.0
2018-12-27,2488.830078125,29.959999084472656,12.0,12.0,0.0,96250.33333333333,20998.416666666668
2018-12-28,2485.739990234375,28.34000015258789,5.0,5.0,0.0,113610.4,23907.2
2018-12-31,2506.85009765625,25.420000076293945,24.0,24.0,0.0,106976.95833333333,23699.833333333332
2019-01-02,2510.030029296875,23.21999931335449,23.0,18.0,5.0,99097.21739130435,22670.08695652174
2019-01-03,2447.889892578125,25.450000762939453,9.0,9.0,0.0,105806.0,23814.0
2019-01-04,2531.93994140625,21.3799991607666,7.0,7.0,0.0,117856.0,23030.571428571428
2019-01-07,2549.68994140625,21.399999618530277,30.0,28.0,2.0,98279.16666666667,23596.6
2019-01-08,2574.409912109375,20.46999931335449,5.0,5.0,0.0,112211.4,19883.8
2019-01-09,2584.9599609375,19.979999542236328,7.0,7.0,0.0,134321.0,26876.714285714286
2019-01-10,2596.639892578125,19.5,17.0,11.0,6.0,65947.17647058824,23369.117647058825
2019-01-11,2596.260009765625,18.190000534057617,14.0,12.0,2.0,88312.28571428571,21467.714285714286
2019-01-14,2582.610107421875,19.06999969482422,47.0,39.0,8.0,77011.6170212766,18496.63829787234
2019-01-15,2610.300048828125,18.600000381469727,19.0,9.0,10.0,51131.73684210526,18224.684210526317
2019-01-16,2616.10009765625,19.040000915527344,2.0,2.0,0.0,160616.0,37324.0
2019-01-17,2635.9599609375,18.059999465942383,3.0,2.0,1.0,99303.66666666667,29488.0
2019-01-18,2670.7099609375,17.799999237060547,15.0,13.0,2.0,86785.8,23460.866666666665
2019-01-22,2632.89990234375,20.799999237060547,88.0,52.0,36.0,58029.625,18278.147727272728
2019-01-23,2638.699951171875,19.520000457763672,8.0,8.0,0.0,124643.125,32030.625
2019-01-24,2642.330078125,18.88999938964844,10.0,10.0,0.0,99554.3,20002.4
2019-01-25,2664.760009765625,17.420000076293945,4.0,4.0,0.0,107338.0,22553.75
2019-01-28,2643.85009765625,18.8700008392334,29.0,27.0,2.0,102662.13793103448,25004.03448275862
2019-01-29,2640.0,19.1299991607666,3.0,3.0,0.0,147736.0,32482.333333333332
2019-01-30,2681.050048828125,17.65999984741211,12.0,12.0,0.0,84107.83333333333,18644.25
2019-01-31,2704.10009765625,16.56999969482422,17.0,17.0,0.0,78887.82352941176,17182.70588235294
2019-02-01,2706.530029296875,16.139999389648438,12.0,11.0,1.0,86840.66666666667,19465.75
2019-02-04,2724.8701171875,15.729999542236328,8.0,8.0,0.0,99208.5,18457.25
2019-02-05,2737.699951171875,15.56999969482422,4.0,4.0,0.0,103365.5,19730.75
2019-02-06,2731.610107421875,15.380000114440918,4.0,3.0,1.0,72875.5,26440.0
2019-02-07,2706.050048828125,16.3700008392334,6.0,6.0,0.0,101184.33333333333,21409.5
2019-02-08,2707.8798828125,15.720000267028809,10.0,10.0,0.0,103313.3,20220.7
2019-02-11,2709.800048828125,15.970000267028809,39.0,31.0,8.0,76085.79487179487,19207.846153846152
2019-02-12,2744.72998046875,15.43000030517578,8.0,5.0,3.0,63358.625,19992.125
2019-02-13,2753.030029296875,15.649999618530272,9.0,5.0,4.0,51938.555555555555,19283.88888888889
2019-02-14,2745.72998046875,16.219999313354492,9.0,8.0,1.0,83703.44444444444,20137.666666666668
2019-02-15,2775.60009765625,14.90999984741211,6.0,4.0,2.0,75262.5,22961.833333333332
2019-02-19,2779.760009765625,14.880000114440918,50.0,41.0,9.0,75555.52,20564.9
2019-02-20,2784.699951171875,14.020000457763672,10.0,9.0,1.0,108793.0,24299.0
2019-02-21,2774.8798828125,14.460000038146973,5.0,5.0,0.0,127810.6,26879.0
2019-02-22,2792.669921875,13.510000228881836,8.0,6.0,2.0,70027.5,19768.0
2019-02-25,2796.110107421875,14.850000381469728,41.0,31.0,10.0,74636.78048780488,19224.51219512195
2019-02-26,2793.89990234375,15.170000076293944,4.0,4.0,0.0,152283.75,35054.5
2019-02-27,2792.3798828125,14.699999809265137,14.0,8.0,6.0,65541.78571428571,25128.714285714286
2019-02-28,2784.489990234375,14.779999732971191,2.0,1.0,1.0,62765.0,16371.5
2019-03-01,2803.68994140625,13.56999969482422,15.0,15.0,0.0,81486.33333333333,16117.266666666666
2019-03-04,2792.81005859375,14.630000114440918,34.0,25.0,9.0,54026.617647058825,15367.941176470587
2019-03-05,2789.64990234375,14.739999771118164,18.0,17.0,1.0,75962.16666666667,17599.222222222223
2019-03-06,2771.449951171875,15.739999771118164,13.0,7.0,6.0,37628.07692307692,15952.615384615385
2019-03-07,2748.929931640625,16.59000015258789,5.0,5.0,0.0,105537.0,23219.2
2019-03-08,2743.070068359375,16.049999237060547,34.0,17.0,17.0,33961.08823529412,10448.5
2019-03-11,2783.300048828125,14.329999923706056,37.0,15.0,22.0,38271.51351351351,15189.162162162162
2019-03-12,2791.52001953125,13.770000457763672,6.0,5.0,1.0,74011.83333333333,20201.666666666668
2019-03-13,2810.919921875,13.40999984741211,36.0,20.0,16.0,38938.88888888889,14290.111111111111
2019-03-14,2808.47998046875,13.5,13.0,12.0,1.0,80192.53846153847,18728.76923076923
2019-03-15,2822.47998046875,12.880000114440918,13.0,13.0,0.0,85686.30769230769,17917.384615384617
2019-03-18,2832.93994140625,13.100000381469728,64.0,42.0,22.0,48568.609375,15788.328125
2019-03-19,2832.570068359375,13.5600004196167,11.0,11.0,0.0,84672.81818181818,21545.18181818182
2019-03-20,2824.22998046875,13.90999984741211,11.0,10.0,1.0,84754.45454545454,20647.545454545456
2019-03-21,2854.8798828125,13.630000114440918,7.0,7.0,0.0,94447.57142857143,21447.14285714286
2019-03-22,2800.7099609375,16.479999542236328,15.0,10.0,5.0,54633.13333333333,15352.2
2019-03-25,2798.360107421875,16.329999923706055,12.0,9.0,3.0,135532.41666666666,42251.5
2019-03-26,2818.4599609375,14.68000030517578,16.0,9.0,7.0,50996.25,15641.875
2019-03-27,2805.3701171875,15.149999618530272,11.0,11.0,0.0,68525.72727272728,16793.81818181818
2019-03-28,2815.43994140625,14.43000030517578,13.0,13.0,0.0,95520.15384615384,21641.46153846154
2019-03-29,2834.39990234375,13.710000038146973,13.0,13.0,0.0,102402.76923076923,21914.846153846152
2019-04-01,2867.18994140625,13.399999618530272,16.0,14.0,2.0,83058.25,22277.1875
2019-04-02,2867.239990234375,13.359999656677246,17.0,17.0,0.0,69155.5294117647,16130.235294117647
2019-04-03,2873.39990234375,13.739999771118164,4.0,4.0,0.0,87067.5,19498.0
2019-04-04,2879.389892578125,13.579999923706056,10.0,10.0,0.0,100446.4,23841.3
2019-04-05,2892.739990234375,12.81999969482422,20.0,16.0,4.0,53065.7,13167.75
2019-04-08,2895.77001953125,13.18000030517578,37.0,27.0,10.0,55744.62162162162,15162.486486486487
2019-04-09,2878.199951171875,14.279999732971191,17.0,14.0,3.0,55363.17647058824,15534.29411764706
2019-04-10,2888.2099609375,13.300000190734863,12.0,8.0,4.0,64171.75,17417.666666666668
2019-04-11,2888.320068359375,13.020000457763672,11.0,10.0,1.0,69078.54545454546,18196.454545454544
2019-04-12,2907.409912109375,12.010000228881836,14.0,10.0,4.0,70014.0,20996.64285714286
2019-04-15,2905.580078125,12.31999969482422,47.0,42.0,5.0,82068.0,20250.659574468085
2019-04-16,2907.06005859375,12.18000030517578,6.0,6.0,0.0,74427.5,16386.5
2019-04-17,2900.449951171875,12.600000381469728,11.0,8.0,3.0,67736.18181818182,17835.454545454544
2019-04-18,2905.030029296875,12.09000015258789,20.0,13.0,7.0,68057.3,20828.1
2019-04-22,2907.969970703125,12.420000076293944,88.0,49.0,39.0,47149.943181818184,15183.625
2019-04-23,2933.679931640625,12.279999732971191,19.0,17.0,2.0,74381.52631578948,17735.36842105263
2019-04-24,2927.25,13.140000343322754,17.0,17.0,0.0,78952.5294117647,18504.647058823528
2019-04-25,2926.169921875,13.25,21.0,8.0,13.0,32414.428571428572,15093.857142857143
2019-04-26,2939.8798828125,12.729999542236328,12.0,10.0,2.0,69208.5,17098.083333333332
2019-04-29,2943.030029296875,13.109999656677246,29.0,25.0,4.0,67115.4827586207,14776.827586206897
2019-04-30,2945.830078125,13.119999885559082,11.0,11.0,0.0,85234.72727272728,20803.727272727272
2019-05-01,2923.72998046875,14.800000190734863,68.0,28.0,40.0,10123.79411764706,4356.058823529412
2019-05-02,2917.52001953125,14.420000076293944,24.0,10.0,14.0,26597.0,12913.833333333334
2019-05-03,2945.639892578125,12.869999885559082,21.0,16.0,5.0,64249.619047619046,17656.571428571428
2019-05-06,2932.469970703125,15.4399995803833,67.0,38.0,29.0,41241.97014925373,14795.611940298508
2019-05-07,2884.050048828125,19.31999969482422,3.0,2.0,1.0,68211.33333333333,16208.666666666666
2019-05-08,2879.419921875,19.399999618530277,38.0,24.0,14.0,41479.02631578947,13538.921052631578
2019-05-09,2870.719970703125,19.100000381469727,6.0,6.0,0.0,67395.83333333333,15850.333333333334
2019-05-10,2881.39990234375,16.040000915527344,41.0,32.0,9.0,31435.926829268294,8773.756097560976
2019-05-13,2811.8701171875,20.549999237060547,129.0,52.0,77.0,26595.04651162791,11568.341085271319
2019-05-14,2834.409912109375,18.059999465942383,16.0,16.0,0.0,66644.5625,13427.875
2019-05-15,2850.9599609375,16.440000534057617,8.0,6.0,2.0,64252.375,18825.625
2019-05-16,2876.320068359375,15.289999961853027,10.0,4.0,6.0,34377.0,14736.8
2019-05-17,2859.530029296875,15.960000038146973,15.0,15.0,0.0,91059.2,20871.066666666666
2019-05-20,2840.22998046875,16.309999465942383,51.0,40.0,11.0,51211.13725490196,15038.176470588236
2019-05-21,2864.360107421875,14.949999809265137,16.0,14.0,2.0,54568.75,13264.6875
2019-05-22,2856.27001953125,14.75,35.0,23.0,12.0,44198.885714285716,12977.828571428572
2019-05-23,2822.239990234375,16.920000076293945,14.0,13.0,1.0,77535.42857142857,17672.0
2019-05-24,2826.06005859375,15.850000381469728,28.0,21.0,7.0,59966.25,15982.92857142857
2019-05-28,2802.389892578125,17.5,59.0,39.0,20.0,54476.372881355936,16748.898305084746
2019-05-29,2783.02001953125,17.899999618530273,8.0,5.0,3.0,80561.625,24325.75
2019-05-30,2788.860107421875,17.299999237060547,20.0,18.0,2.0,72490.65,17294.3
2019-05-31,2752.06005859375,18.709999084472656,15.0,13.0,2.0,67692.93333333333,18315.666666666668
2019-06-03,2744.449951171875,18.86000061035156,58.0,35.0,23.0,48574.0,14081.603448275862
2019-06-04,2803.27001953125,16.969999313354492,7.0,4.0,3.0,47752.71428571428,12697.714285714286
2019-06-05,2826.14990234375,16.09000015258789,15.0,14.0,1.0,70707.06666666667,16630.333333333332
2019-06-06,2843.489990234375,15.93000030517578,11.0,10.0,1.0,67780.63636363637,14753.545454545454
2019-06-07,2873.340087890625,16.299999237060547,16.0,16.0,0.0,64301.25,13515.4375
2019-06-10,2886.72998046875,15.9399995803833,59.0,39.0,20.0,51126.59322033898,16984.762711864405
2019-06-11,2885.719970703125,15.989999771118164,21.0,21.0,0.0,52756.76190476191,11451.714285714286
2019-06-12,2879.840087890625,15.90999984741211,9.0,8.0,1.0,59365.0,15862.555555555555
2019-06-13,2891.639892578125,15.81999969482422,37.0,32.0,5.0,47363.13513513513,11036.567567567568
2019-06-14,2886.97998046875,15.279999732971191,14.0,12.0,2.0,43918.357142857145,11524.5
2019-06-17,2889.669921875,15.350000381469728,70.0,41.0,29.0,40669.37142857143,11604.685714285713
2019-06-18,2917.75,15.149999618530272,16.0,16.0,0.0,68625.5,14242.875
2019-06-19,2926.4599609375,14.329999923706056,15.0,15.0,0.0,77899.2,17043.8
2019-06-20,2954.179931640625,14.75,6.0,6.0,0.0,92161.5,19172.166666666668
2019-06-21,2950.4599609375,15.399999618530272,7.0,7.0,0.0,123900.0,28375.85714285714
2019-06-24,2945.35009765625,15.260000228881836,38.0,26.0,12.0,54962.5,15075.131578947368
2019-06-25,2917.3798828125,16.280000686645508,13.0,10.0,3.0,50710.153846153844,12768.076923076924
2019-06-26,2913.780029296875,16.209999084472656,45.0,27.0,18.0,33166.57777777778,9588.955555555556
2019-06-27,2924.919921875,15.81999969482422,11.0,11.0,0.0,124193.90909090909,27967.454545454544
2019-06-28,2941.760009765625,15.079999923706056,6.0,6.0,0.0,144225.16666666666,29481.0
2019-07-01,2964.330078125,14.0600004196167,32.0,31.0,1.0,70998.65625,14258.09375
2019-07-02,2973.010009765625,12.93000030517578,16.0,15.0,1.0,68546.1875,14048.4375
2019-07-03,2995.820068359375,12.56999969482422,18.0,18.0,0.0,100588.22222222222,20575.5
2019-07-05,2990.409912109375,13.279999732971191,51.0,21.0,30.0,40023.17647058824,13865.039215686274
2019-07-08,2975.949951171875,13.960000038146973,46.0,28.0,18.0,49760.30434782609,13028.195652173914
2019-07-09,2979.6298828125,14.09000015258789,14.0,12.0,2.0,61476.857142857145,13785.142857142857
2019-07-10,2993.070068359375,13.029999732971191,22.0,19.0,3.0,58180.72727272727,15462.0
2019-07-11,2999.909912109375,12.93000030517578,32.0,32.0,0.0,51781.3125,11674.65625
2019-07-12,3013.77001953125,12.390000343322754,54.0,27.0,27.0,21240.166666666668,8546.814814814816
2019-07-15,3014.300048828125,12.68000030517578,89.0,40.0,49.0,46010.449438202246,13865.651685393259
2019-07-16,3004.0400390625,12.859999656677246,12.0,11.0,1.0,120874.0,26291.916666666668
2019-07-17,2984.419921875,13.970000267028809,14.0,13.0,1.0,115314.92857142857,25022.714285714286
2019-07-18,2995.110107421875,13.529999732971191,14.0,14.0,0.0,74729.35714285714,16225.357142857143
2019-07-19,2976.610107421875,14.449999809265137,25.0,19.0,6.0,68511.2,21538.8
2019-07-22,2985.030029296875,13.529999732971191,62.0,41.0,21.0,54095.75806451613,17820.516129032258
2019-07-23,3005.469970703125,12.609999656677246,20.0,20.0,0.0,76970.3,14757.5
2019-07-24,3019.56005859375,12.06999969482422,34.0,26.0,8.0,56608.205882352944,16757.470588235294
2019-07-25,3003.669921875,12.739999771118164,26.0,23.0,3.0,71897.88461538461,18247.96153846154
2019-07-26,3025.860107421875,12.15999984741211,16.0,15.0,1.0,74229.1875,17426.875
2019-07-29,3020.969970703125,12.829999923706056,60.0,55.0,5.0,77450.08333333333,18590.533333333333
2019-07-30,3013.179931640625,13.9399995803833,29.0,23.0,6.0,57611.31034482759,14933.034482758621
2019-07-31,2980.3798828125,16.1200008392334,19.0,18.0,1.0,65131.42105263158,14635.315789473685
2019-08-01,2953.56005859375,17.8700008392334,16.0,16.0,0.0,65434.125,14244.0625
2019-08-02,2932.050048828125,17.610000610351562,13.0,12.0,1.0,132535.07692307694,32065.23076923077
2019-08-05,2844.739990234375,24.59000015258789,35.0,30.0,5.0,69983.82857142857,16497.885714285716
2019-08-06,2881.77001953125,20.170000076293945,18.0,16.0,2.0,58043.444444444445,14685.777777777777
2019-08-07,2883.97998046875,19.489999771118164,21.0,19.0,2.0,73554.42857142857,16567.238095238095
2019-08-08,2938.090087890625,16.90999984741211,18.0,18.0,0.0,78533.44444444444,15332.0
2019-08-09,2918.64990234375,17.969999313354492,9.0,6.0,3.0,51256.444444444445,18424.444444444445
2019-08-12,2882.699951171875,21.09000015258789,35.0,20.0,15.0,52090.0,17305.6
2019-08-13,2926.320068359375,17.520000457763672,39.0,18.0,21.0,27757.615384615383,11856.051282051281
2019-08-14,2840.60009765625,22.100000381469727,25.0,18.0,7.0,43969.44,13113.84
2019-08-15,2847.60009765625,21.18000030517578,33.0,17.0,16.0,32959.15151515151,13141.727272727272
2019-08-16,2888.679931640625,18.46999931335449,25.0,16.0,9.0,51027.96,14252.6
2019-08-19,2923.64990234375,16.8799991607666,67.0,41.0,26.0,37904.64179104478,14828.164179104477
2019-08-20,2900.510009765625,17.5,35.0,18.0,17.0,37916.514285714286,14801.371428571429
2019-08-21,2924.429931640625,15.800000190734863,24.0,22.0,2.0,51379.333333333336,11906.458333333334
2019-08-22,2922.949951171875,16.68000030517578,12.0,10.0,2.0,49281.666666666664,11543.0
2019-08-23,2847.110107421875,19.8700008392334,46.0,21.0,25.0,29389.41304347826,9848.608695652174
2019-08-26,2878.3798828125,19.31999969482422,85.0,55.0,30.0,37125.211764705884,11189.223529411765
2019-08-27,2869.159912109375,20.309999465942383,19.0,18.0,1.0,60137.36842105263,13327.684210526315
2019-08-28,2887.93994140625,19.350000381469727,15.0,15.0,0.0,78459.33333333333,17126.866666666665
2019-08-29,2924.580078125,17.8799991607666,15.0,12.0,3.0,57956.2,15149.466666666667
2019-08-30,2926.4599609375,18.979999542236328,24.0,19.0,5.0,41056.875,10785.708333333334
2019-09-03,2906.27001953125,19.65999984741211,150.0,70.0,80.0,23129.486666666668,7522.673333333333
2019-09-04,2937.780029296875,17.329999923706055,25.0,19.0,6.0,36833.84,9910.72
2019-09-05,2976.0,16.270000457763672,30.0,20.0,10.0,34610.4,8938.8
2019-09-06,2978.7099609375,15.0,26.0,23.0,3.0,44740.88461538462,10286.384615384615
2019-09-09,2978.429931640625,15.270000457763672,72.0,51.0,21.0,40456.22222222222,11330.194444444445
2019-09-10,2979.389892578125,15.199999809265137,26.0,12.0,14.0,24338.23076923077,9216.961538461539
2019-09-11,3000.929931640625,14.609999656677246,33.0,24.0,9.0,43842.30303030303,11620.30303030303
2019-09-12,3009.570068359375,14.220000267028809,26.0,14.0,12.0,33287.846153846156,11263.23076923077
2019-09-13,3007.389892578125,13.739999771118164,16.0,10.0,6.0,39855.9375,14303.1875
2019-09-16,2997.9599609375,14.670000076293944,72.0,55.0,17.0,47172.333333333336,12312.569444444445
2019-09-17,3005.699951171875,14.4399995803833,12.0,9.0,3.0,45460.166666666664,12482.333333333334
2019-09-18,3006.72998046875,13.949999809265137,43.0,20.0,23.0,22093.232558139534,9627.093023255815
2019-09-19,3006.7900390625,14.050000190734863,7.0,7.0,0.0,85790.0,17826.0
2019-09-20,2992.070068359375,15.31999969482422,16.0,9.0,7.0,35789.625,11801.3125
2019-09-23,2991.780029296875,14.90999984741211,51.0,44.0,7.0,55819.92156862745,15121.333333333334
2019-09-24,2966.60009765625,17.049999237060547,20.0,15.0,5.0,72258.65,18622.9
2019-09-25,2984.8701171875,15.960000038146973,37.0,23.0,14.0,36141.89189189189,13457.621621621622
2019-09-26,2977.6201171875,16.06999969482422,55.0,20.0,35.0,21727.18181818182,11698.254545454545
2019-09-27,2961.7900390625,17.219999313354492,24.0,22.0,2.0,64981.666666666664,18208.0
2019-09-30,2976.739990234375,16.239999771118164,117.0,74.0,43.0,38986.77777777778,15366.982905982906
2019-10-01,2940.25,18.559999465942383,30.0,16.0,14.0,47823.13333333333,18331.233333333334
2019-10-02,2887.610107421875,20.559999465942383,23.0,20.0,3.0,81296.86956521739,22758.043478260868
2019-10-03,2910.6298828125,19.1200008392334,42.0,26.0,16.0,34875.21428571428,14886.809523809523
2019-10-04,2952.010009765625,17.040000915527344,36.0,30.0,6.0,56892.444444444445,16826.305555555555
2019-10-07,2938.7900390625,17.860000610351562,115.0,75.0,40.0,42489.48695652174,14791.44347826087
2019-10-08,2893.06005859375,20.280000686645508,51.0,23.0,28.0,24694.823529411766,12168.529411764706
2019-10-09,2919.39990234375,18.63999938964844,49.0,36.0,13.0,40039.5918367347,12488.591836734693
2019-10-10,2938.1298828125,17.56999969482422,24.0,20.0,4.0,53589.25,14277.541666666666
2019-10-11,2970.27001953125,15.579999923706056,52.0,21.0,31.0,18533.903846153848,7674.307692307692
2019-10-14,2966.14990234375,14.56999969482422,86.0,70.0,16.0,51435.941860465115,14206.0
2019-10-15,2995.679931640625,13.539999961853027,15.0,15.0,0.0,64514.13333333333,16968.466666666667
2019-10-16,2989.68994140625,13.68000030517578,25.0,19.0,6.0,64455.04,19518.16
2019-10-17,2997.949951171875,13.789999961853027,32.0,19.0,13.0,50008.03125,21309.5625
2019-10-18,2986.199951171875,14.25,22.0,17.0,5.0,54367.59090909091,14599.772727272728
2019-10-21,3006.719970703125,14.0,95.0,51.0,44.0,30403.56842105263,12187.063157894738
2019-10-22,2995.989990234375,14.460000038146973,41.0,14.0,27.0,22674.0,10690.951219512195
2019-10-23,3004.52001953125,14.010000228881836,47.0,22.0,25.0,25392.744680851065,11302.808510638299
2019-10-24,3010.2900390625,13.710000038146973,15.0,10.0,5.0,34253.8,12746.2
2019-10-25,3022.550048828125,12.649999618530272,42.0,20.0,22.0,28780.95238095238,11193.833333333334
2019-10-28,3039.419921875,13.109999656677246,57.0,38.0,19.0,58750.42105263158,19928.929824561405
2019-10-29,3036.889892578125,13.199999809265137,48.0,18.0,30.0,28644.5625,11775.0625
2019-10-30,3046.77001953125,12.329999923706056,34.0,19.0,15.0,42235.32352941176,15961.64705882353
2019-10-31,3037.56005859375,13.220000267028809,37.0,18.0,19.0,31715.135135135137,14224.513513513513
2019-11-01,3066.909912109375,12.300000190734863,37.0,33.0,4.0,59819.2972972973,13738.378378378378
2019-11-04,3078.27001953125,12.829999923706056,97.0,54.0,43.0,33465.34020618557,13703.907216494845
2019-11-05,3074.6201171875,13.100000381469728,40.0,17.0,23.0,21979.175,11586.125
2019-11-06,3076.780029296875,12.619999885559082,23.0,16.0,7.0,43543.782608695656,12526.08695652174
2019-11-07,3085.179931640625,12.729999542236328,19.0,16.0,3.0,58429.52631578947,15257.526315789473
2019-11-08,3093.080078125,12.06999969482422,6.0,3.0,3.0,48902.0,20247.5
2019-11-11,3087.010009765625,12.6899995803833,133.0,56.0,77.0,25550.225563909775,12111.526315789473
2019-11-12,3091.840087890625,12.68000030517578,14.0,10.0,4.0,44607.71428571428,12856.714285714286
2019-11-13,3094.0400390625,13.0,43.0,13.0,30.0,18225.81395348837,12767.976744186046
2019-11-14,3096.6298828125,13.050000190734863,34.0,13.0,21.0,26426.323529411766,11390.470588235294
2019-11-15,3120.4599609375,12.050000190734863,43.0,20.0,23.0,27745.60465116279,15074.32558139535
2019-11-18,3122.030029296875,12.460000038146973,90.0,65.0,25.0,35625.08888888889,13150.477777777778
2019-11-19,3120.179931640625,12.859999656677246,38.0,7.0,31.0,12816.921052631578,12205.21052631579
2019-11-20,3108.4599609375,12.779999732971191,37.0,17.0,20.0,31588.81081081081,14816.513513513513
2019-11-21,3103.5400390625,13.130000114440918,35.0,23.0,12.0,39103.25714285715,15396.314285714287
2019-11-22,3110.2900390625,12.34000015258789,30.0,15.0,15.0,26780.566666666666,15498.266666666666
2019-11-25,3133.639892578125,11.869999885559082,80.0,41.0,39.0,31335.575,11725.5
2019-11-26,3140.52001953125,11.539999961853027,25.0,10.0,15.0,27492.08,11868.4
2019-11-27,3153.6298828125,11.75,11.0,8.0,3.0,121233.36363636363,31956.0
2019-11-29,3140.97998046875,12.619999885559082,9.0,4.0,5.0,89502.22222222222,25416.555555555555
2019-12-02,3113.8701171875,14.90999984741211,58.0,40.0,18.0,42328.34482758621,14074.01724137931
2019-12-03,3093.199951171875,15.960000038146973,33.0,4.0,29.0,10038.30303030303,8667.30303030303
2019-12-04,3112.760009765625,14.800000190734863,31.0,7.0,24.0,15455.838709677419,13548.032258064517
2019-12-05,3117.429931640625,14.520000457763672,25.0,11.0,14.0,42746.76,15855.88
2019-12-06,3145.909912109375,13.619999885559082,26.0,17.0,9.0,45410.692307692305,14180.23076923077
2019-12-09,3135.9599609375,15.859999656677246,161.0,47.0,114.0,17883.062111801242,10844.459627329192
2019-12-10,3132.52001953125,15.68000030517578,48.0,15.0,33.0,23383.229166666668,10101.416666666666
2019-12-11,3141.6298828125,14.989999771118164,78.0,12.0,66.0,9749.02564102564,9827.705128205129
2019-12-12,3168.570068359375,13.9399995803833,112.0,23.0,89.0,10433.214285714286,9954.69642857143
2019-12-13,3168.800048828125,12.630000114440918,30.0,21.0,9.0,57264.333333333336,15828.633333333333
2019-12-16,3191.449951171875,12.140000343322754,116.0,61.0,55.0,30290.387931034482,12430.724137931034
2019-12-17,3192.52001953125,12.289999961853027,17.0,17.0,0.0,61776.05882352941,14503.0
2019-12-18,3191.139892578125,12.579999923706056,53.0,25.0,28.0,34804.67924528302,13172.905660377359
2019-12-19,3205.3701171875,12.5,81.0,14.0,67.0,20508.185185185186,12440.271604938273
2019-12-20,3221.219970703125,12.510000228881836,41.0,25.0,16.0,47206.12195121951,18638.853658536584
2019-12-23,3224.010009765625,12.609999656677246,59.0,31.0,28.0,39686.372881355936,14615.64406779661
2019-12-24,3223.3798828125,12.670000076293944,16.0,13.0,3.0,60599.625,17395.8125
2019-12-26,3239.909912109375,12.649999618530272,30.0,22.0,8.0,73989.03333333334,19313.766666666666
2019-12-27,3240.02001953125,13.43000030517578,29.0,13.0,16.0,33396.24137931035,13429.862068965518
2019-12-30,3221.2900390625,14.81999969482422,65.0,28.0,37.0,32625.615384615383,14640.323076923078
2019-12-31,3230.780029296875,13.779999732971191,35.0,25.0,10.0,58554.2,16425.6
2020-01-02,3257.85009765625,12.470000267028809,40.0,15.0,25.0,39303.0,13594.5
2020-01-03,3234.85009765625,14.020000457763672,32.0,13.0,19.0,58981.5,24276.90625
2020-01-06,3246.280029296875,13.850000381469728,18.0,17.0,1.0,216884.44444444444,50923.77777777778
2020-01-07,3237.179931640625,13.789999961853027,33.0,4.0,29.0,17558.636363636364,12806.181818181818
2020-01-08,3253.050048828125,13.449999809265137,2.0,1.0,1.0,356562.0,87351.5
2020-01-09,3274.699951171875,12.539999961853027,29.0,16.0,13.0,65054.44827586207,15698.241379310344
2020-01-10,3265.35009765625,12.5600004196167,39.0,14.0,25.0,28995.5641025641,8922.179487179486
2020-01-13,3288.1298828125,12.31999969482422,72.0,48.0,24.0,77072.36111111111,22079.208333333332
2020-01-14,3283.14990234375,12.390000343322754,7.0,5.0,2.0,101635.28571428571,23257.285714285714
2020-01-15,3289.2900390625,12.420000076293944,36.0,10.0,26.0,24417.25,13565.166666666666
2020-01-16,3316.81005859375,12.31999969482422,20.0,10.0,10.0,57815.55,15292.95
2020-01-17,3329.6201171875,12.100000381469728,38.0,17.0,21.0,45889.92105263158,16515.5
2020-01-21,3320.7900390625,12.850000381469728,64.0,43.0,21.0,68344.65625,20246.296875
2020-01-22,3321.75,12.90999984741211,144.0,18.0,126.0,8123.861111111111,8615.131944444445
2020-01-23,3325.5400390625,12.979999542236328,25.0,24.0,1.0,69101.84,15696.92
2020-01-24,3295.469970703125,14.5600004196167,62.0,20.0,42.0,27344.435483870966,12842.774193548386
2020-01-27,3243.6298828125,18.229999542236328,148.0,52.0,96.0,31325.45945945946,13016.574324324325
2020-01-28,3276.239990234375,16.280000686645508,53.0,19.0,34.0,23404.622641509435,9617.22641509434
2020-01-29,3273.39990234375,16.389999389648438,40.0,24.0,16.0,47330.6,15657.5
2020-01-30,3283.659912109375,15.489999771118164,40.0,16.0,24.0,25097.375,13133.2
2020-01-31,3225.52001953125,18.84000015258789,22.0,11.0,11.0,47136.0,15863.545454545454
2020-02-03,3248.919921875,17.969999313354492,97.0,31.0,66.0,35024.0618556701,13339.62886597938
2020-02-04,3297.590087890625,16.049999237060547,54.0,9.0,45.0,22058.314814814814,9610.666666666666
2020-02-05,3334.68994140625,15.149999618530272,34.0,8.0,26.0,52980.76470588235,21927.617647058825
2020-02-06,3345.780029296875,14.960000038146973,10.0,8.0,2.0,73270.6,20482.9
2020-02-07,3327.7099609375,15.470000267028809,66.0,20.0,46.0,24792.60606060606,14557.954545454546
2020-02-10,3352.090087890625,15.039999961853027,140.0,47.0,93.0,30048.22142857143,13326.521428571428
2020-02-11,3357.75,15.18000030517578,33.0,13.0,20.0,33595.545454545456,18024.363636363636
2020-02-12,3379.449951171875,13.739999771118164,33.0,29.0,4.0,66141.12121212122,17878.848484848484
2020-02-13,3373.93994140625,14.149999618530272,9.0,8.0,1.0,98422.55555555556,22869.222222222223
2020-02-14,3380.159912109375,13.68000030517578,24.0,21.0,3.0,49186.791666666664,13555.166666666666
2020-02-18,3370.2900390625,14.829999923706056,103.0,53.0,50.0,36691.912621359224,12311.533980582524
2020-02-19,3386.14990234375,14.380000114440918,33.0,9.0,24.0,19119.242424242424,10367.272727272728
2020-02-20,3373.22998046875,15.5600004196167,38.0,24.0,14.0,45574.97368421053,13377.263157894737
2020-02-21,3337.75,17.079999923706055,33.0,14.0,19.0,26566.060606060608,9365.242424242424
2020-02-24,3225.889892578125,25.030000686645508,77.0,35.0,42.0,42991.753246753244,14894.64935064935
2020-02-25,3128.2099609375,27.850000381469727,23.0,11.0,12.0,29448.565217391304,13381.782608695652
2020-02-26,3116.389892578125,27.559999465942383,48.0,19.0,29.0,25570.333333333332,11529.833333333334
2020-02-27,2978.760009765625,39.15999984741211,7.0,4.0,3.0,34176.857142857145,14759.142857142857
2020-02-28,2954.219970703125,40.11000061035156,23.0,20.0,3.0,64027.782608695656,16899.91304347826
2020-03-02,3090.22998046875,33.41999816894531,88.0,52.0,36.0,38812.920454545456,13690.272727272728
2020-03-03,3003.3701171875,36.81999969482422,25.0,23.0,2.0,46161.2,11880.8
2020-03-04,3130.1201171875,31.989999771118164,46.0,34.0,12.0,48929.565217391304,12943.282608695652
2020-03-05,3023.93994140625,39.619998931884766,28.0,19.0,9.0,62087.21428571428,16848.428571428572
2020-03-06,2972.3701171875,41.93999862670898,36.0,17.0,19.0,26733.75,8961.805555555555
2020-03-09,2746.56005859375,54.459999084472656,58.0,30.0,28.0,48993.15517241379,16900.41379310345
2020-03-10,2882.22998046875,47.29999923706055,27.0,19.0,8.0,42731.148148148146,14302.814814814816
2020-03-11,2741.3798828125,53.900001525878906,29.0,19.0,10.0,51828.24137931035,14107.241379310344
2020-03-12,2480.639892578125,75.47000122070312,40.0,9.0,31.0,20131.8,9090.75
2020-03-13,2711.02001953125,57.83000183105469,25.0,15.0,10.0,74785.76,20475.64
2020-03-16,2386.1298828125,82.69000244140625,73.0,43.0,30.0,74068.75342465754,21227.835616438355
2020-03-17,2529.18994140625,75.91000366210938,49.0,7.0,42.0,22036.591836734693,9510.591836734693
2020-03-18,2398.10009765625,76.44999694824219,34.0,17.0,17.0,68219.23529411765,16333.235294117647
2020-03-19,2409.389892578125,72.0,14.0,6.0,8.0,59344.5,21245.714285714286
2020-03-20,2304.919921875,66.04000091552734,56.0,4.0,52.0,5416.553571428572,4789.464285714285
2020-03-23,2237.39990234375,61.59000015258789,139.0,34.0,105.0,29450.88489208633,12925.971223021583
2020-03-24,2447.330078125,61.66999816894531,46.0,22.0,24.0,45495.913043478264,15340.739130434782
2020-03-25,2475.56005859375,63.95000076293945,31.0,13.0,18.0,58971.25806451613,16015.129032258064
2020-03-26,2630.070068359375,61.0,8.0,5.0,3.0,93466.0,19360.125
2020-03-27,2541.469970703125,65.54000091552734,22.0,19.0,3.0,74226.13636363637,17003.590909090908
2020-03-30,2626.64990234375,57.08000183105469,86.0,44.0,42.0,51317.62790697674,15118.139534883721
2020-03-31,2584.590087890625,53.540000915527344,24.0,10.0,14.0,44285.25,18775.5
2020-04-01,2470.5,57.060001373291016,7.0,4.0,3.0,79667.57142857143,21854.285714285714
2020-04-02,2526.89990234375,50.90999984741211,15.0,8.0,7.0,52495.333333333336,15457.0
2020-04-03,2488.64990234375,46.79999923706055,15.0,9.0,6.0,48139.4,13051.0
2020-04-06,2663.679931640625,45.2400016784668,111.0,37.0,74.0,36159.77477477478,13000.495495495496
2020-04-07,2659.409912109375,46.70000076293945,19.0,16.0,3.0,76274.8947368421,19575.42105263158
2020-04-08,2749.97998046875,43.34999847412109,22.0,17.0,5.0,108144.04545454546,23582.363636363636
2020-04-09,2789.820068359375,41.66999816894531,8.0,4.0,4.0,99713.125,18679.375
2020-04-13,2761.6298828125,41.16999816894531,163.0,68.0,95.0,49316.63803680982,15628.110429447852
2020-04-14,2846.06005859375,37.7599983215332,16.0,11.0,5.0,89650.5625,26376.5
2020-04-15,2783.360107421875,40.84000015258789,12.0,6.0,6.0,47743.0,15366.666666666666
2020-04-16,2799.550048828125,40.11000061035156,7.0,6.0,1.0,156420.0,42858.0
2020-04-17,2874.56005859375,38.150001525878906,15.0,14.0,1.0,152480.86666666667,34465.2
2020-04-20,2823.159912109375,43.83000183105469,117.0,37.0,80.0,32120.30769230769,14176.435897435897
2020-04-21,2736.56005859375,45.40999984741211,36.0,16.0,20.0,54514.47222222222,20904.305555555555
2020-04-22,2799.31005859375,41.97999954223633,22.0,10.0,12.0,66231.86363636363,20691.272727272728
2020-04-23,2797.800048828125,41.380001068115234,33.0,24.0,9.0,32901.30303030303,11357.181818181818
2020-04-24,2836.739990234375,35.93000030517578,30.0,16.0,14.0,46176.8,13568.5
2020-04-27,2878.47998046875,33.290000915527344,82.0,42.0,40.0,64936.51219512195,18675.682926829268
2020-04-28,2863.389892578125,33.56999969482422,22.0,8.0,14.0,42780.72727272727,22192.18181818182
2020-04-29,2939.510009765625,31.229999542236328,21.0,5.0,16.0,24199.47619047619,10560.42857142857
2020-04-30,2912.429931640625,34.150001525878906,67.0,21.0,46.0,29104.17910447761,17666.910447761195
2020-05-01,2830.7099609375,37.18999862670898,38.0,16.0,22.0,33422.97368421053,12877.947368421053
2020-05-04,2842.739990234375,35.970001220703125,81.0,47.0,34.0,55355.7037037037,18298.246913580246
2020-05-05,2868.43994140625,33.61000061035156,33.0,19.0,14.0,49755.15151515151,13572.969696969696
2020-05-06,2848.419921875,34.119998931884766,13.0,8.0,5.0,59428.38461538462,17285.69230769231
2020-05-07,2881.18994140625,31.440000534057617,10.0,6.0,4.0,55066.8,16922.9
2020-05-08,2929.800048828125,27.979999542236328,12.0,11.0,1.0,85959.33333333333,20064.416666666668
2020-05-11,2930.18994140625,27.56999969482422,188.0,58.0,130.0,27243.281914893618,13507.127659574468
2020-05-12,2870.1201171875,33.040000915527344,53.0,27.0,26.0,49029.35849056604,15852.132075471698
2020-05-13,2820.0,35.279998779296875,26.0,11.0,15.0,54601.307692307695,18960.576923076922
2020-05-14,2852.5,32.61000061035156,28.0,15.0,13.0,56124.92857142857,23106.464285714286
2020-05-15,2863.699951171875,31.88999938964844,40.0,14.0,26.0,41976.85,17299.0
2020-05-18,2953.909912109375,29.299999237060547,126.0,72.0,54.0,54349.444444444445,19960.9126984127
2020-05-19,2922.93994140625,30.530000686645508,23.0,13.0,10.0,37165.95652173913,13962.869565217392
2020-05-20,2971.610107421875,27.989999771118164,53.0,28.0,25.0,41708.47169811321,15952.471698113208
2020-05-21,2948.510009765625,29.530000686645508,24.0,15.0,9.0,58789.458333333336,20000.166666666668
2020-05-22,2955.449951171875,28.15999984741211,51.0,36.0,15.0,40009.56862745098,13848.156862745098
2020-05-26,2991.77001953125,28.01000022888184,138.0,74.0,64.0,53425.413043478264,19437.492753623188
2020-05-27,3036.1298828125,27.6200008392334,41.0,22.0,19.0,70101.12195121951,23076.585365853658
2020-05-28,3029.72998046875,28.59000015258789,64.0,30.0,34.0,39241.609375,15102.875
2020-05-29,3044.31005859375,27.51000022888184,18.0,16.0,2.0,175710.83333333334,41185.666666666664
2020-06-01,3055.72998046875,28.229999542236328,74.0,40.0,34.0,104549.56756756757,36344.98648648649
2020-06-02,3080.820068359375,26.84000015258789,77.0,30.0,47.0,52076.28571428572,24390.597402597403
2020-06-03,3122.8701171875,25.65999984741211,56.0,26.0,30.0,55214.78571428572,20309.01785714286
2020-06-04,3112.35009765625,25.809999465942383,102.0,46.0,56.0,51052.62745098039,20692.607843137255
2020-06-05,3193.929931640625,24.520000457763672,153.0,28.0,125.0,16855.980392156864,6380.895424836602
2020-06-08,3232.389892578125,25.809999465942383,116.0,60.0,56.0,62102.06896551724,21589.23275862069
2020-06-09,3207.179931640625,27.56999969482422,45.0,18.0,27.0,53891.37777777778,17394.62222222222
2020-06-10,3190.139892578125,27.56999969482422,19.0,17.0,2.0,94698.63157894737,24162.684210526317
2020-06-11,3002.10009765625,40.790000915527344,39.0,29.0,10.0,70256.7435897436,18812.0
2020-06-12,3041.31005859375,36.09000015258789,36.0,12.0,24.0,33296.555555555555,18227.527777777777
2020-06-15,3066.590087890625,34.400001525878906,74.0,38.0,36.0,71094.16216216216,22163.702702702703
2020-06-16,3124.739990234375,33.66999816894531,14.0,6.0,8.0,44335.07142857143,18846.571428571428
2020-06-17,3113.489990234375,33.470001220703125,20.0,3.0,17.0,30318.15,30531.45
2020-06-18,3115.340087890625,32.939998626708984,50.0,47.0,3.0,71149.52,16029.82
2020-06-19,3097.739990234375,35.119998931884766,23.0,21.0,2.0,120609.91304347826,31646.347826086956
2020-06-22,3117.860107421875,31.770000457763672,58.0,43.0,15.0,81908.55172413793,25095.103448275862
2020-06-23,3131.2900390625,31.3700008392334,30.0,17.0,13.0,62349.333333333336,18589.766666666666
2020-06-24,3050.330078125,33.84000015258789,11.0,9.0,2.0,142997.45454545456,34922.0
2020-06-25,3083.760009765625,32.220001220703125,30.0,16.0,14.0,75400.06666666667,26174.433333333334
2020-06-26,3009.050048828125,34.72999954223633,14.0,9.0,5.0,103237.85714285714,30244.928571428572
2020-06-29,3053.239990234375,31.780000686645508,109.0,49.0,60.0,41728.30275229358,25414.770642201835
2020-06-30,3100.2900390625,30.43000030517578,30.0,8.0,22.0,54269.53333333333,22213.9
2020-07-01,3115.860107421875,28.6200008392334,50.0,25.0,25.0,40640.16,20202.04
2020-07-02,3130.010009765625,27.68000030517578,26.0,22.0,4.0,54904.61538461538,15669.26923076923
2020-07-06,3179.719970703125,27.940000534057617,133.0,64.0,69.0,55525.74436090225,19212.706766917294
2020-07-07,3145.320068359375,29.43000030517578,9.0,7.0,2.0,105934.22222222222,32491.88888888889
2020-07-08,3169.93994140625,28.07999992370605,11.0,6.0,5.0,103098.27272727272,26742.909090909092
2020-07-09,3152.050048828125,29.26000022888184,24.0,19.0,5.0,81045.75,24387.416666666668
2020-07-10,3185.0400390625,27.290000915527344,21.0,14.0,7.0,89650.38095238095,22675.285714285714
2020-07-13,3155.219970703125,32.189998626708984,85.0,33.0,52.0,40873.81176470588,18902.0
2020-07-14,3197.52001953125,29.520000457763672,23.0,4.0,19.0,24453.478260869564,13431.434782608696
2020-07-15,3226.56005859375,27.76000022888184,31.0,15.0,16.0,60990.967741935485,19022.451612903227
2020-07-16,3215.570068359375,28.0,12.0,4.0,8.0,35905.75,13584.916666666666
2020-07-17,3224.72998046875,25.68000030517578,24.0,8.0,16.0,30748.791666666668,13969.958333333334
2020-07-20,3251.840087890625,24.459999084472656,67.0,11.0,56.0,32177.746268656716,14355.298507462687
2020-07-21,3257.300048828125,24.84000015258789,9.0,7.0,2.0,113979.33333333333,24775.333333333332
2020-07-22,3276.02001953125,24.31999969482422,16.0,2.0,14.0,17309.1875,10814.375
2020-07-23,3235.659912109375,26.07999992370605,55.0,10.0,45.0,19200.745454545453,10683.872727272726
2020-07-24,3215.6298828125,25.84000015258789,16.0,8.0,8.0,77084.5,22082.125
2020-07-27,3239.409912109375,24.739999771118164,135.0,34.0,101.0,28863.585185185184,11667.703703703704
2020-07-28,3218.43994140625,25.440000534057617,39.0,5.0,34.0,18236.28205128205,20101.76923076923
2020-07-29,3258.43994140625,24.100000381469727,51.0,28.0,23.0,51773.509803921566,18987.86274509804
2020-07-30,3246.219970703125,24.76000022888184,17.0,15.0,2.0,125019.82352941176,29311.117647058825
2020-07-31,3271.1201171875,24.459999084472656,15.0,12.0,3.0,76988.26666666666,25553.333333333332
2020-08-03,3294.610107421875,24.280000686645508,122.0,48.0,74.0,40636.2131147541,17237.081967213115
2020-08-04,3306.510009765625,23.76000022888184,32.0,11.0,21.0,53975.25,16125.59375
2020-08-05,3327.77001953125,22.989999771118164,22.0,16.0,6.0,80767.22727272728,28158.545454545456
2020-08-06,3349.159912109375,22.649999618530277,36.0,11.0,25.0,36026.694444444445,25574.583333333332
2020-08-07,3351.280029296875,22.209999084472656,26.0,16.0,10.0,59801.653846153844,15945.615384615385
2020-08-10,3360.469970703125,22.1299991607666,48.0,23.0,25.0,49857.8125,19061.666666666668
2020-08-11,3333.68994140625,24.030000686645508,12.0,11.0,1.0,99124.91666666667,22929.083333333332
2020-08-12,3380.35009765625,22.280000686645508,27.0,24.0,3.0,61111.0,16910.59259259259
2020-08-13,3373.429931640625,22.1299991607666,26.0,20.0,6.0,68837.96153846153,25614.615384615383
2020-08-14,3372.85009765625,22.049999237060547,89.0,25.0,64.0,25956.988764044945,12462.797752808989
2020-08-17,3381.989990234375,21.350000381469727,111.0,37.0,74.0,28777.306306306305,14772.82882882883
2020-08-18,3389.780029296875,21.51000022888184,51.0,19.0,32.0,38879.41176470588,18428.43137254902
2020-08-19,3374.85009765625,22.540000915527344,44.0,15.0,29.0,49918.97727272727,18917.545454545456
2020-08-20,3385.510009765625,22.71999931335449,41.0,21.0,20.0,58698.439024390245,21968.90243902439
2020-08-21,3397.159912109375,22.540000915527344,16.0,11.0,5.0,118679.3125,31881.6875
2020-08-24,3431.280029296875,22.3700008392334,52.0,35.0,17.0,73149.67307692308,24460.134615384617
2020-08-25,3443.6201171875,22.030000686645508,52.0,45.0,7.0,53060.153846153844,14584.365384615385
2020-08-26,3478.72998046875,23.270000457763672,45.0,42.0,3.0,57661.77777777778,14092.488888888889
2020-08-27,3484.550048828125,24.46999931335449,45.0,37.0,8.0,43889.42222222222,12061.044444444444
2020-08-28,3508.010009765625,22.959999084472656,37.0,30.0,7.0,54145.02702702703,14897.594594594595
2020-08-31,3500.31005859375,26.40999984741211,187.0,76.0,111.0,35178.79679144385,13154.502673796791
2020-09-01,3526.64990234375,26.1200008392334,46.0,19.0,27.0,39596.260869565216,14689.804347826086
2020-09-02,3580.840087890625,26.56999969482422,43.0,25.0,18.0,60326.023255813954,20969.79069767442
2020-09-03,3455.06005859375,33.599998474121094,27.0,21.0,6.0,75169.51851851853,21871.11111111111
2020-09-04,3426.9599609375,30.75,23.0,20.0,3.0,76685.04347826086,18928.82608695652
2020-09-08,3331.840087890625,31.459999084472656,274.0,101.0,173.0,31348.31386861314,14661.532846715329
2020-09-09,3398.9599609375,28.809999465942383,65.0,34.0,31.0,32052.830769230768,12062.63076923077
2020-09-10,3339.18994140625,29.709999084472656,62.0,41.0,21.0,37134.58064516129,12225.354838709678
2020-09-11,3340.969970703125,26.8700008392334,27.0,21.0,6.0,70699.81481481482,18915.814814814814
2020-09-14,3383.5400390625,25.850000381469727,185.0,95.0,90.0,38347.30810810811,15582.221621621622
2020-09-15,3401.199951171875,25.59000015258789,26.0,20.0,6.0,69462.07692307692,18892.846153846152
2020-09-16,3385.489990234375,26.040000915527344,35.0,15.0,20.0,38657.6,16141.57142857143
2020-09-17,3357.010009765625,26.459999084472656,31.0,27.0,4.0,68095.06451612903,19271.032258064515
2020-09-18,3319.469970703125,25.82999992370605,42.0,41.0,1.0,64578.357142857145,16637.571428571428
2020-09-21,3281.06005859375,27.780000686645508,72.0,38.0,34.0,48856.958333333336,17817.166666666668
2020-09-22,3315.570068359375,26.86000061035156,45.0,22.0,23.0,38260.0,13611.377777777778
2020-09-23,3236.919921875,28.57999992370605,48.0,27.0,21.0,32273.958333333332,12436.583333333334
2020-09-24,3246.590087890625,28.51000022888184,23.0,23.0,0.0,88785.86956521739,20586.0
2020-09-25,3298.4599609375,26.3799991607666,84.0,21.0,63.0,17283.60714285714,11207.595238095239
2020-09-28,3351.60009765625,26.190000534057617,73.0,32.0,41.0,49967.83561643836,18020.602739726026
2020-09-29,3335.469970703125,26.270000457763672,37.0,19.0,18.0,41414.54054054054,16871.45945945946
2020-09-30,3363.0,26.3700008392334,95.0,62.0,33.0,51566.652631578945,17601.4
2020-10-01,3380.800048828125,26.700000762939453,60.0,21.0,39.0,36449.11666666667,16735.866666666665
2020-10-02,3348.419921875,27.6299991607666,3.0,3.0,0.0,980029.6666666666,195579.0
2020-10-05,3408.60009765625,27.959999084472656,44.0,40.0,4.0,289497.79545454547,53693.90909090909
2020-10-06,3360.969970703125,29.479999542236328,23.0,21.0,2.0,139184.78260869565,29225.391304347828
2020-10-07,3419.43994140625,28.059999465942383,104.0,49.0,55.0,54149.221153846156,24095.28846153846
2020-10-08,3446.830078125,26.36000061035156,44.0,27.0,17.0,89937.5,28778.75
2020-10-09,3477.139892578125,25.0,37.0,25.0,12.0,85101.21621621621,24115.891891891893
2020-10-12,3534.219970703125,25.06999969482422,147.0,81.0,66.0,57444.10884353742,19487.469387755104
2020-10-13,3511.929931640625,26.06999969482422,91.0,47.0,44.0,35030.9010989011,13264.043956043955
2020-10-14,3488.669921875,26.399999618530277,30.0,19.0,11.0,75033.43333333333,25928.666666666668
2020-10-15,3483.340087890625,26.96999931335449,60.0,33.0,27.0,57390.05,19393.9
2020-10-16,3483.81005859375,27.40999984741211,78.0,23.0,55.0,26844.589743589742,12676.73076923077
2020-10-19,3426.919921875,29.18000030517578,108.0,76.0,32.0,72044.53703703704,22598.84259259259
2020-10-20,3443.1201171875,29.350000381469727,8.0,8.0,0.0,161967.75,37589.375
2020-10-21,3435.56005859375,28.649999618530277,37.0,32.0,5.0,69937.56756756757,17587.756756756757
2020-10-22,3453.489990234375,28.11000061035156,26.0,25.0,1.0,123713.15384615384,26215.76923076923
2020-10-23,3465.389892578125,27.549999237060547,48.0,21.0,27.0,65370.9375,23592.666666666668
2020-10-26,3400.969970703125,32.459999084472656,152.0,89.0,63.0,61170.375,17857.973684210527
2020-10-27,3390.679931640625,33.349998474121094,113.0,56.0,57.0,47704.80530973451,13555.185840707965
2020-10-28,3271.030029296875,40.27999877929688,40.0,36.0,4.0,96166.4,22175.525
2020-10-29,3310.110107421875,37.59000015258789,32.0,29.0,3.0,89379.65625,23814.0625
2020-10-30,3269.9599609375,38.02000045776367,70.0,57.0,13.0,73860.32857142857,15416.728571428572
2020-11-02,3310.239990234375,37.130001068115234,198.0,174.0,24.0,78322.80808080808,16192.90404040404
2020-11-03,3369.159912109375,35.54999923706055,50.0,36.0,14.0,114951.18,28401.96
2020-11-04,3443.43994140625,29.56999969482422,16.0,13.0,3.0,249763.25,46170.875
2020-11-05,3510.449951171875,27.57999992370605,12.0,10.0,2.0,209147.0,44736.416666666664
2020-11-06,3509.43994140625,24.86000061035156,16.0,16.0,0.0,270740.6875,49354.375
2020-11-09,3550.5,25.75,64.0,44.0,20.0,208331.1875,46956.671875
2020-11-10,3545.530029296875,24.799999237060547,30.0,27.0,3.0,272856.3,51904.0
2020-11-11,3572.659912109375,23.450000762939453,37.0,26.0,11.0,162630.2162162162,47073.67567567567
2020-11-12,3537.010009765625,25.350000381469727,56.0,15.0,41.0,72587.33928571429,26234.553571428572
2020-11-13,3585.14990234375,23.100000381469727,17.0,13.0,4.0,161573.0,38881.05882352941
2020-11-16,3626.909912109375,22.450000762939453,150.0,82.0,68.0,122810.72666666667,33703.793333333335
2020-11-17,3609.530029296875,22.709999084472656,7.0,6.0,1.0,189570.42857142858,45732.28571428572
2020-11-18,3567.7900390625,23.84000015258789,37.0,26.0,11.0,136369.54054054053,37948.72972972973
2020-11-19,3581.8701171875,23.11000061035156,27.0,20.0,7.0,156390.0,38595.333333333336
2020-11-20,3557.5400390625,23.700000762939453,22.0,13.0,9.0,91911.81818181818,28373.545454545456
2020-11-23,3577.590087890625,22.65999984741211,60.0,44.0,16.0,136061.88333333333,31320.55
2020-11-24,3635.409912109375,21.63999938964844,19.0,12.0,7.0,149365.94736842104,38007.26315789474
2020-11-25,3629.64990234375,21.25,43.0,17.0,26.0,81223.20930232559,27809.25581395349
2020-11-27,3638.35009765625,20.84000015258789,69.0,33.0,36.0,97991.76811594203,30826.159420289856
2020-11-30,3621.6298828125,20.56999969482422,42.0,32.0,10.0,160895.02380952382,35904.42857142857
2020-12-01,3662.449951171875,20.770000457763672,50.0,32.0,18.0,74043.64,24104.42
2020-12-02,3669.010009765625,21.170000076293945,28.0,18.0,10.0,110514.85714285714,33487.78571428572
2020-12-03,3666.719970703125,21.280000686645508,20.0,18.0,2.0,122519.9,33060.65
2020-12-04,3699.1201171875,20.790000915527344,29.0,19.0,10.0,121972.5172413793,29614.793103448275
2020-12-07,3691.9599609375,21.299999237060547,93.0,49.0,44.0,63882.67741935484,21011.74193548387
2020-12-08,3702.25,20.68000030517578,44.0,23.0,21.0,69096.68181818182,19323.93181818182
2020-12-09,3672.820068359375,22.270000457763672,13.0,13.0,0.0,232733.38461538462,42591.230769230766
2020-12-10,3668.10009765625,22.520000457763672,25.0,16.0,9.0,117651.48,25563.72
2020-12-11,3663.4599609375,23.309999465942383,27.0,24.0,3.0,169803.4814814815,33766.40740740741
2020-12-14,3647.489990234375,24.71999931335449,57.0,44.0,13.0,179675.73684210525,39939.350877192985
2020-12-15,3694.6201171875,22.88999938964844,15.0,6.0,9.0,103380.33333333333,35855.26666666667
2020-12-16,3701.169921875,22.5,17.0,13.0,4.0,159777.4705882353,36789.64705882353
2020-12-17,3722.47998046875,21.93000030517578,11.0,7.0,4.0,151430.63636363635,37093.63636363636
2020-12-18,3709.409912109375,21.56999969482422,27.0,16.0,11.0,99865.29629629629,27470.296296296296
2020-12-21,3694.919921875,25.15999984741211,65.0,36.0,29.0,96895.92307692308,31083.23076923077
2020-12-22,3687.260009765625,24.229999542236328,6.0,2.0,4.0,102918.83333333333,39530.166666666664
2020-12-23,3690.010009765625,23.309999465942383,10.0,9.0,1.0,250693.5,84700.9
2020-12-24,3703.06005859375,21.530000686645508,15.0,12.0,3.0,206925.66666666666,61739.26666666667
2020-12-28,3735.360107421875,21.700000762939453,47.0,32.0,15.0,172891.74468085106,44322.10638297872
2020-12-29,3727.0400390625,23.07999992370605,18.0,12.0,6.0,116124.05555555556,30741.5
2020-12-30,3732.0400390625,22.770000457763672,24.0,20.0,4.0,172518.625,44519.875
2020-12-31,3756.070068359375,22.75,2.0,2.0,0.0,206426.5,52461.5
2021-01-04,3700.64990234375,26.96999931335449,106.0,66.0,40.0,112063.30188679245,34082.8962264151
2021-01-05,3726.860107421875,25.34000015258789,22.0,17.0,5.0,145386.54545454544,35811.045454545456
2021-01-06,3748.139892578125,25.06999969482422,25.0,18.0,7.0,201550.16,51366.12
2021-01-07,3803.7900390625,22.3700008392334,0.0,0.0,0.0,0.0,0.0
